_id,product_id,date,price
8dea8254-1e9d-40fc-92d9-afaa5454d678,c45dea72-ab78-4e47-a519-30040f767ac4,2025-04-09 12:35:24.527431,67.01
45dcc9bd-b2fe-4000-912c-368456718385,9e6663e2-5f4d-43c6-ab9a-39ea51aaa01e,2025-04-09 12:35:47.129354,99.4
e80154a3-dae9-4bf1-b609-97ec915988f9,560b49be-32ad-4267-97da-21148ccce35e,2025-04-09 12:36:56.856827,50.37
e62b9bcd-347e-4c50-80d7-1ef1e3e84342,ba6585d8-4881-4569-a4ef-e458cb9dabd6,2025-04-09 12:37:30.194996,17.6
ad16099d-dbd4-47d0-a936-d1a1115bd993,1f59c631-ca0d-47d9-aac2-8da2dbc1f134,2025-04-09 12:37:44.570605,95.99
0507cca4-bd60-4f7d-a0d8-f5d94b66b361,f596dfea-1a5b-4173-aa60-1fbad5af36da,2025-04-09 12:37:27.939595,45.02
db4aa524-2df7-464b-b5b2-04ad742758ea,f596dfea-1a5b-4173-aa60-1fbad5af36da,2025-04-09 12:40:12.660089,31.01
7e3af1f6-1721-4b4b-919c-66be9f8e6ddd,485e84e6-5885-4369-9073-27e732b0c01d,2025-04-09 12:36:12.922575,92.38
a145a6b5-058a-421b-a911-fa14e94dd6bc,1f59c631-ca0d-47d9-aac2-8da2dbc1f134,2025-04-09 12:39:13.823484,85.38
f9eaa1ae-81d0-45cd-bfa0-dddb42fae5df,e79a6d75-9fed-4859-a342-cedc1fa5a132,2025-04-09 12:38:58.651720,35.11
afaf641a-ebb8-4dc7-a766-1b6de172a4cc,560b49be-32ad-4267-97da-21148ccce35e,2025-04-09 12:39:18.395217,52.97
f1f33715-fd26-4db9-b20d-c96a753617e1,560b49be-32ad-4267-97da-21148ccce35e,2025-04-09 12:35:27.207638,22.44
53441bab-a4a8-4d44-9ff6-134a179e542c,560b49be-32ad-4267-97da-21148ccce35e,2025-04-09 12:38:14.802150,49.55
173a34e8-729c-47c6-bbbc-cd6af41c49c9,ca79f7e0-b57e-471e-962e-6bd2c77eac2f,2025-04-09 12:37:22.214118,8.0
992ac768-b314-4dca-9f88-53aa5b9619b3,e1f5482e-57ff-4333-aa1d-e0df4a8f1901,2025-04-09 12:36:20.521551,91.53
cf878c81-b0f3-4c9d-bb86-6cd201c4608f,1f59c631-ca0d-47d9-aac2-8da2dbc1f134,2025-04-09 12:35:53.155370,97.48
5140693a-24a4-4fbf-a2f2-aa65ea484d7c,e1f5482e-57ff-4333-aa1d-e0df4a8f1901,2025-04-09 12:35:44.592245,65.41
81c206b0-4e21-42fb-a7d7-94b9717bdad9,560b49be-32ad-4267-97da-21148ccce35e,2025-04-09 12:36:50.182489,95.7
63a6ad27-3520-4655-844e-44a7145a22b1,c45dea72-ab78-4e47-a519-30040f767ac4,2025-04-09 12:36:02.629257,40.87
1b898e2c-a7f3-4a70-8749-ecc6472623b3,9e6663e2-5f4d-43c6-ab9a-39ea51aaa01e,2025-04-09 12:35:41.394034,63.63
b2c0baf4-a4f8-4d7c-b202-7334cb25ac20,feaf28a3-4c63-40e2-9b33-a5a00273f91b,2025-04-09 12:36:19.093508,60.89
6a25355e-82f9-4d01-88d3-9237f93c96f4,c45dea72-ab78-4e47-a519-30040f767ac4,2025-04-09 12:37:42.275133,42.98
caba2f29-af83-490e-8b28-bffaff5949b2,9e6663e2-5f4d-43c6-ab9a-39ea51aaa01e,2025-04-09 12:40:40.043558,95.64
f9c3f0b3-4630-47a6-aa75-bd1fe85867d0,9e6663e2-5f4d-43c6-ab9a-39ea51aaa01e,2025-04-09 12:39:23.145183,67.45
79ff9584-487f-4824-893f-0a30c1464222,1f59c631-ca0d-47d9-aac2-8da2dbc1f134,2025-04-09 12:38:58.479263,69.3
3d1e761e-82cc-43a3-96f3-fb4e8e103979,feaf28a3-4c63-40e2-9b33-a5a00273f91b,2025-04-09 12:39:57.232037,70.26
0e1ab607-2656-448b-954e-e138f3d538ac,f596dfea-1a5b-4173-aa60-1fbad5af36da,2025-04-09 12:40:47.703854,71.76
9860db7a-6985-4462-b826-069fca005489,485e84e6-5885-4369-9073-27e732b0c01d,2025-04-09 12:37:24.794205,19.08
e3a8d580-174b-465e-a91b-3b4bbe764cc5,560b49be-32ad-4267-97da-21148ccce35e,2025-04-09 12:40:08.562149,53.31
a68ef003-a097-4ad1-a35c-0c2f74ad8b3a,c45dea72-ab78-4e47-a519-30040f767ac4,2025-04-09 12:36:41.110458,5.04
88bce0bf-18bc-4b1a-abda-c050fb5c617c,4ae84bdf-f3a5-45ef-817b-d2a69204a251,2025-04-17 22:25:20.370689,60.98
b5d31d5e-4ffd-43a4-b549-59f3469cd6e9,e25a4898-240e-46ba-9427-aa130e7ee44b,2025-04-17 22:24:55.949657,60.58
e81b8f89-5cc7-46c0-8345-01e3a17e2083,9a628005-f452-4c0b-b22e-6c3e61e8a141,2025-04-17 22:24:30.040871,88.94
15fb84af-70b8-468c-aaff-c46db391c485,d5ac2313-6903-4760-9da2-1eaf663387e4,2025-04-17 22:21:23.686739,76.72
1315739c-e382-47ee-807e-b602e1354efb,3b3e2c46-9899-4f14-8f8f-74ec3a1d31a7,2025-04-17 22:24:50.137522,38.21
098b8177-b5ae-41b3-a563-50dbbd8466fd,3b3e2c46-9899-4f14-8f8f-74ec3a1d31a7,2025-04-17 22:22:23.854259,52.94
bcf9780f-64f7-47bd-a655-5818ecb80dad,b9935dad-617a-4bf2-9dff-5f01faf98355,2025-04-17 22:22:47.479294,80.02
fadaadeb-9dfb-4828-a6ab-e5dd54712cfe,5875ebb3-bba7-4356-bb0e-9f3c7679c975,2025-04-17 22:22:09.449203,65.2
b521761f-43bb-47ea-9968-a401f0dc1ba4,4ae84bdf-f3a5-45ef-817b-d2a69204a251,2025-04-17 22:21:15.366966,12.78
6cfa4724-daa7-48e0-9827-9fb61007f194,c9561ba4-fd95-4d02-8c09-f50ce8ae88a5,2025-04-17 22:23:53.694731,83.71
4f5adf64-943e-4d7b-97be-69dcb4d16a5c,b9935dad-617a-4bf2-9dff-5f01faf98355,2025-04-17 22:22:07.337168,60.87
d46ee8a7-d698-47d3-b6f1-10d52cf5568f,5fdf1c13-c0b2-44d8-b073-2cc4384a802f,2025-04-17 22:22:41.820365,83.7
acac02a5-f45c-433c-b1d2-f1c172709dd0,9a628005-f452-4c0b-b22e-6c3e61e8a141,2025-04-17 22:20:18.076747,48.21
8d1fd229-9a2e-4725-a022-3885c4c5a27e,5875ebb3-bba7-4356-bb0e-9f3c7679c975,2025-04-17 22:21:45.303691,69.1
12b04f44-1ddb-4be0-adbc-664024459ab0,3b3e2c46-9899-4f14-8f8f-74ec3a1d31a7,2025-04-17 22:21:43.383343,35.99
6ca86104-5cf7-4e50-84bc-ab9675199d1e,d5ac2313-6903-4760-9da2-1eaf663387e4,2025-04-17 22:20:27.023638,30.37
ccbcbcb3-3a49-4a78-8a71-4c6bee2b4a1d,4ae84bdf-f3a5-45ef-817b-d2a69204a251,2025-04-17 22:22:22.236261,73.11
c9572df7-77d5-4ce2-ba36-166a4fdd0b64,d7320e1a-eacb-4858-bd84-ef191945c0d7,2025-04-17 22:22:38.509030,86.85
d5aabcad-0a42-4e05-ac78-4fd80b4c2673,54725161-52ca-4b2e-8df7-0dcd9d427adf,2025-04-17 22:20:47.125649,77.8
a1293620-ffd0-4948-95cb-96406cd6fb60,54725161-52ca-4b2e-8df7-0dcd9d427adf,2025-04-17 22:21:13.558010,77.85
8ee31b9e-e41b-447a-b9ea-59ffef41ae90,5875ebb3-bba7-4356-bb0e-9f3c7679c975,2025-04-17 22:20:58.780471,66.01
ce7e1703-43da-45a7-9efe-a12e881604bc,4ae84bdf-f3a5-45ef-817b-d2a69204a251,2025-04-17 22:21:15.558600,43.62
25385363-4503-4bf4-bf36-981c2166f2ee,54725161-52ca-4b2e-8df7-0dcd9d427adf,2025-04-17 22:21:00.401603,22.32
9b559a77-ddb4-4214-9f69-f1c1a6a123b1,e25a4898-240e-46ba-9427-aa130e7ee44b,2025-04-17 22:24:17.237897,21.09
47bce20d-465d-44da-863c-7743ca020a76,7a4fb5ec-2e60-429c-a284-a688a7f07387,2025-04-17 22:21:04.860733,35.37
27a6af41-add7-4770-be30-90a3c477beb1,7a4fb5ec-2e60-429c-a284-a688a7f07387,2025-04-17 22:24:17.506085,6.39
b59bf4e1-b334-4a22-89e0-00462bf8fc39,3b3e2c46-9899-4f14-8f8f-74ec3a1d31a7,2025-04-17 22:21:56.755889,89.85
ad43955f-3cd4-41ed-bddf-e050ca259da6,c9561ba4-fd95-4d02-8c09-f50ce8ae88a5,2025-04-17 22:24:27.823419,36.89
c9955edb-22e4-4ff6-84ba-e59c8b1d596f,3b3e2c46-9899-4f14-8f8f-74ec3a1d31a7,2025-04-17 22:19:30.028693,78.03
80d2c34a-0151-47ad-9e78-7427d2722096,e25a4898-240e-46ba-9427-aa130e7ee44b,2025-04-17 22:23:55.022518,19.59
d6a6a566-df8d-4790-91c0-51c125d85d0d,1f59c631-ca0d-47d9-aac2-8da2dbc1f134,2025-04-10 12:39:13.823484,65.63
9571f743-7f92-4286-a408-0931801335d2,1f59c631-ca0d-47d9-aac2-8da2dbc1f134,2025-04-15 12:39:13.823484,65.91
fe9dd0cd-adf7-44ef-bf46-a9ac08db2f67,1f59c631-ca0d-47d9-aac2-8da2dbc1f134,2025-04-20 12:39:13.823484,65.91
2bd519aa-50c5-4b68-b8c8-dac41605eb6b,1f59c631-ca0d-47d9-aac2-8da2dbc1f134,2025-04-25 12:39:13.823484,65.91
e7ac045e-4a91-49e9-b5f7-4560d7fb11e6,1f59c631-ca0d-47d9-aac2-8da2dbc1f134,2025-04-30 12:39:13.823484,65.91
4eaec7dd-f7b2-4714-99ca-355268504ebd,1f59c631-ca0d-47d9-aac2-8da2dbc1f134,2025-05-05 12:39:13.823484,66.1
bdb1f951-33f1-4904-b68d-bb65d9b74fd2,1f59c631-ca0d-47d9-aac2-8da2dbc1f134,2025-05-10 12:39:13.823484,66.1
b1ca14c5-13f9-4cd2-b1ee-7f2b82713b5a,1f59c631-ca0d-47d9-aac2-8da2dbc1f134,2025-05-15 12:39:13.823484,61.17
6db1a2c7-bdb8-4e8b-a1f3-461e04845cf2,1f59c631-ca0d-47d9-aac2-8da2dbc1f134,2025-05-20 12:39:13.823484,60.98
6137fd34-4464-4428-851f-db1fd025dc48,1f59c631-ca0d-47d9-aac2-8da2dbc1f134,2025-05-25 12:39:13.823484,60.98
2e57f4d3-6fbc-45b0-b5ce-280d99fe6988,1f59c631-ca0d-47d9-aac2-8da2dbc1f134,2025-05-30 12:39:13.823484,60.98
8b67599f-2166-412c-972b-f2cf1b31c994,1f59c631-ca0d-47d9-aac2-8da2dbc1f134,2025-06-04 12:39:13.823484,57.74
125e282f-92ae-4b71-bc5d-a410ef48f402,1f59c631-ca0d-47d9-aac2-8da2dbc1f134,2025-06-09 12:39:13.823484,57.74
e0059b1b-9300-4152-8990-27aad131b91e,1f59c631-ca0d-47d9-aac2-8da2dbc1f134,2025-06-14 12:39:13.823484,62.0
6b85bbe1-c8e6-451b-ab4f-4c75c1715cc1,1f59c631-ca0d-47d9-aac2-8da2dbc1f134,2025-06-19 12:39:13.823484,62.0
13b02470-8c1f-43a8-bf4c-b75019cd1237,1f59c631-ca0d-47d9-aac2-8da2dbc1f134,2025-06-24 12:39:13.823484,66.89
739c7db5-d15a-43a9-be51-630391b1f7eb,1f59c631-ca0d-47d9-aac2-8da2dbc1f134,2025-06-29 12:39:13.823484,69.01
d1cc1785-7b51-4c77-8ef9-7b260354b072,1f59c631-ca0d-47d9-aac2-8da2dbc1f134,2025-07-04 12:39:13.823484,69.01
b624f4d3-cf1f-4d84-8f3f-68296d34fdd6,1f59c631-ca0d-47d9-aac2-8da2dbc1f134,2025-07-09 12:39:13.823484,69.73
a09ad299-1965-4171-a9e2-c593ccb6c674,1f59c631-ca0d-47d9-aac2-8da2dbc1f134,2025-07-14 12:39:13.823484,69.73
2bf2240e-c765-44b0-9b60-0f54c53b69e9,1f59c631-ca0d-47d9-aac2-8da2dbc1f134,2025-07-19 12:39:13.823484,69.73
2d9a45b1-e5bc-49e6-bfd2-98cd5b523769,1f59c631-ca0d-47d9-aac2-8da2dbc1f134,2025-07-24 12:39:13.823484,69.73
4bf080e7-34af-4c6c-a25c-f5390cfb9acb,1f59c631-ca0d-47d9-aac2-8da2dbc1f134,2025-07-29 12:39:13.823484,69.73
e9bdea8c-371e-430d-a9ba-3a0fe4c852e6,1f59c631-ca0d-47d9-aac2-8da2dbc1f134,2025-08-03 12:39:13.823484,70.94
9b72b641-84c3-4c8e-9b48-e6921e418c4b,3b3e2c46-9899-4f14-8f8f-74ec3a1d31a7,2025-04-18 22:24:50.137522,78.03
d8bfcf62-37f2-47e3-a678-12e6894db9c0,3b3e2c46-9899-4f14-8f8f-74ec3a1d31a7,2025-04-23 22:24:50.137522,78.03
9186bebc-b9b5-4172-989e-a424f7432ec8,3b3e2c46-9899-4f14-8f8f-74ec3a1d31a7,2025-04-28 22:24:50.137522,80.82
09f39b2b-2bba-4b37-a688-c2401200a4c9,3b3e2c46-9899-4f14-8f8f-74ec3a1d31a7,2025-05-03 22:24:50.137522,83.14
cbc221fb-820d-452c-93c8-1af3d30d3130,3b3e2c46-9899-4f14-8f8f-74ec3a1d31a7,2025-05-08 22:24:50.137522,83.14
4aaa19fa-e643-4b84-a00f-9c6dd66f4c29,3b3e2c46-9899-4f14-8f8f-74ec3a1d31a7,2025-05-13 22:24:50.137522,83.14
cb53923a-6d31-4136-8790-72f1a2305991,3b3e2c46-9899-4f14-8f8f-74ec3a1d31a7,2025-05-18 22:24:50.137522,85.37
6bf6d637-7eeb-4970-82a7-d1f8c6401168,3b3e2c46-9899-4f14-8f8f-74ec3a1d31a7,2025-05-23 22:24:50.137522,89.98
f48ddcc5-9c35-46c7-952d-fa7a99fdc85b,3b3e2c46-9899-4f14-8f8f-74ec3a1d31a7,2025-05-28 22:24:50.137522,92.84
5861aa99-a1e6-4238-ae78-a476232e560d,3b3e2c46-9899-4f14-8f8f-74ec3a1d31a7,2025-06-02 22:24:50.137522,91.07
2d640190-7e6c-43ea-9f7f-e278fe232b71,3b3e2c46-9899-4f14-8f8f-74ec3a1d31a7,2025-06-07 22:24:50.137522,93.89
7a7635fb-80ab-4e7a-8822-a4a79f655fd6,3b3e2c46-9899-4f14-8f8f-74ec3a1d31a7,2025-06-12 22:24:50.137522,90.68
8fe2a2b8-8d82-4b0a-b6af-5c26b58215ec,3b3e2c46-9899-4f14-8f8f-74ec3a1d31a7,2025-06-17 22:24:50.137522,92.2
82d641fc-0adf-4af2-9618-e232b6dc9292,3b3e2c46-9899-4f14-8f8f-74ec3a1d31a7,2025-06-22 22:24:50.137522,96.18
21db17db-1a09-4c0b-8f53-5bfc887383bb,3b3e2c46-9899-4f14-8f8f-74ec3a1d31a7,2025-06-27 22:24:50.137522,96.18
383f8e7a-62ef-42a3-8628-7b6ad20412f5,3b3e2c46-9899-4f14-8f8f-74ec3a1d31a7,2025-07-02 22:24:50.137522,97.66
97dcc5ba-da53-4870-b7e6-82ed51229bd8,3b3e2c46-9899-4f14-8f8f-74ec3a1d31a7,2025-07-07 22:24:50.137522,97.66
3c6a495f-d66b-49c7-8a31-189d134c25a3,3b3e2c46-9899-4f14-8f8f-74ec3a1d31a7,2025-07-12 22:24:50.137522,97.66
0351b44d-f805-4511-bb65-94d18a02f8bd,3b3e2c46-9899-4f14-8f8f-74ec3a1d31a7,2025-07-17 22:24:50.137522,96.77
fa5f2279-17bd-46ad-99e0-6148ececee63,3b3e2c46-9899-4f14-8f8f-74ec3a1d31a7,2025-07-22 22:24:50.137522,94.04
e7d3c546-2d6d-4cda-b5f4-42a1087d70f8,3b3e2c46-9899-4f14-8f8f-74ec3a1d31a7,2025-07-27 22:24:50.137522,94.04
52d4087e-c01c-4bfe-8806-8b02c996688e,3b3e2c46-9899-4f14-8f8f-74ec3a1d31a7,2025-08-01 22:24:50.137522,94.04
9490e476-6b11-40cb-bb3e-6d6dc6e4b005,3b3e2c46-9899-4f14-8f8f-74ec3a1d31a7,2025-08-06 22:24:50.137522,92.97
ed3f6ca6-7b6d-49a0-8f1c-16b85a24a02d,3b3e2c46-9899-4f14-8f8f-74ec3a1d31a7,2025-08-11 22:24:50.137522,90.63
0dc58956-50e6-42b1-85b7-71f53fe777f6,485e84e6-5885-4369-9073-27e732b0c01d,2025-04-10 12:37:24.794205,19.08
20164615-752e-44b2-944e-8029f0d320e6,485e84e6-5885-4369-9073-27e732b0c01d,2025-04-15 12:37:24.794205,22.64
5655f978-45bf-4565-a51c-d2188b4c3c4e,485e84e6-5885-4369-9073-27e732b0c01d,2025-04-20 12:37:24.794205,22.64
54780a95-a39f-468c-8d0c-c229a7ee077e,485e84e6-5885-4369-9073-27e732b0c01d,2025-04-25 12:37:24.794205,22.64
94e5a598-c977-4a20-8aef-4e4730402057,485e84e6-5885-4369-9073-27e732b0c01d,2025-04-30 12:37:24.794205,23.61
1784b30e-6c09-4ad2-bd11-92ddaee6efe5,485e84e6-5885-4369-9073-27e732b0c01d,2025-05-05 12:37:24.794205,26.35
fb24bc2c-3add-4f03-9b4c-3b69435cf13d,485e84e6-5885-4369-9073-27e732b0c01d,2025-05-10 12:37:24.794205,23.66
03d02d20-558c-466f-a2d9-96607b79477b,485e84e6-5885-4369-9073-27e732b0c01d,2025-05-15 12:37:24.794205,23.66
849b1748-44c5-4096-aead-9b21901de771,485e84e6-5885-4369-9073-27e732b0c01d,2025-05-20 12:37:24.794205,21.48
861ca912-9dbd-48c8-b577-686b25bbe8aa,485e84e6-5885-4369-9073-27e732b0c01d,2025-05-25 12:37:24.794205,22.94
2d17b030-7d9c-4c0f-8b9a-bcb0c8cde898,485e84e6-5885-4369-9073-27e732b0c01d,2025-05-30 12:37:24.794205,22.94
3c4ee336-d9b6-4bb2-b479-4ad524166b53,485e84e6-5885-4369-9073-27e732b0c01d,2025-06-04 12:37:24.794205,21.97
c0fb2c49-1134-4f41-bcdd-447045c12594,485e84e6-5885-4369-9073-27e732b0c01d,2025-06-09 12:37:24.794205,19.64
dbe07bd5-64b3-4a59-89c8-a8b1c2db0ab4,485e84e6-5885-4369-9073-27e732b0c01d,2025-06-14 12:37:24.794205,19.64
456b8c52-ca81-4e43-aa01-35991654c6ab,485e84e6-5885-4369-9073-27e732b0c01d,2025-06-19 12:37:24.794205,19.64
e756ed2b-425c-4fac-8323-73dff395f932,485e84e6-5885-4369-9073-27e732b0c01d,2025-06-24 12:37:24.794205,24.03
eca0de04-3c7b-4bc7-b40c-bc255cb24750,485e84e6-5885-4369-9073-27e732b0c01d,2025-06-29 12:37:24.794205,24.03
151ae59a-fbcd-4c7e-b8e2-25ded5cf7dc6,485e84e6-5885-4369-9073-27e732b0c01d,2025-07-04 12:37:24.794205,24.03
503b3d9b-0a9b-4a62-ab96-68842aae87b6,485e84e6-5885-4369-9073-27e732b0c01d,2025-07-09 12:37:24.794205,24.03
7745183b-4581-4161-9046-3f590ab2a65c,485e84e6-5885-4369-9073-27e732b0c01d,2025-07-14 12:37:24.794205,20.55
7acfabfb-eb66-4984-a3e0-8944eda7e390,485e84e6-5885-4369-9073-27e732b0c01d,2025-07-19 12:37:24.794205,16.93
0db7bd2a-12af-4fd1-bbcf-2654c4f1471f,485e84e6-5885-4369-9073-27e732b0c01d,2025-07-24 12:37:24.794205,16.93
fa819e64-bb8b-420f-9879-17eedcb93d8b,485e84e6-5885-4369-9073-27e732b0c01d,2025-07-29 12:37:24.794205,17.58
c78c84ab-1a50-4f4e-a9c8-c4839f23732f,485e84e6-5885-4369-9073-27e732b0c01d,2025-08-03 12:37:24.794205,19.06
6c32bd64-5845-4d34-a8d5-68e09864e2ce,4ae84bdf-f3a5-45ef-817b-d2a69204a251,2025-04-18 22:25:20.370689,43.01
ae65d082-a346-42b2-ad6f-3821eb47f394,4ae84bdf-f3a5-45ef-817b-d2a69204a251,2025-04-23 22:25:20.370689,44.2
cdedd8b2-3204-45e3-94ae-dd3051c8d7c0,4ae84bdf-f3a5-45ef-817b-d2a69204a251,2025-04-28 22:25:20.370689,43.36
f314aa1b-6313-4891-9a15-d4081fd1f2c5,4ae84bdf-f3a5-45ef-817b-d2a69204a251,2025-05-03 22:25:20.370689,45.4
544da5a3-aa99-468e-a3ad-c3a88650eaea,4ae84bdf-f3a5-45ef-817b-d2a69204a251,2025-05-08 22:25:20.370689,45.4
1b3229d6-a11a-40f5-b231-e9e55a439e31,4ae84bdf-f3a5-45ef-817b-d2a69204a251,2025-05-13 22:25:20.370689,42.54
16053509-36b4-4281-82a5-d8fe84f1ed74,4ae84bdf-f3a5-45ef-817b-d2a69204a251,2025-05-18 22:25:20.370689,39.68
9ba53b18-68f9-4372-925e-1fb00fcda8a0,4ae84bdf-f3a5-45ef-817b-d2a69204a251,2025-05-23 22:25:20.370689,39.68
6300c981-530c-4b77-a210-cd7056ef44a9,4ae84bdf-f3a5-45ef-817b-d2a69204a251,2025-05-28 22:25:20.370689,39.22
0981ac7f-7af8-4140-b524-0880f3ca70fd,4ae84bdf-f3a5-45ef-817b-d2a69204a251,2025-06-02 22:25:20.370689,43.67
6a3c5cd0-0fa4-4b2e-9050-a232c0a2263b,4ae84bdf-f3a5-45ef-817b-d2a69204a251,2025-06-07 22:25:20.370689,43.67
0b2e7821-898b-48ea-b451-8d5ab9144e30,4ae84bdf-f3a5-45ef-817b-d2a69204a251,2025-06-12 22:25:20.370689,41.89
fec02b62-740d-48ca-8078-7cab1d7b5ab9,4ae84bdf-f3a5-45ef-817b-d2a69204a251,2025-06-17 22:25:20.370689,43.3
1c3f1daf-e6e0-4487-912f-9b768ea0fac9,4ae84bdf-f3a5-45ef-817b-d2a69204a251,2025-06-22 22:25:20.370689,43.39
e0415979-d91a-4775-9f37-d4a50d05b6b1,4ae84bdf-f3a5-45ef-817b-d2a69204a251,2025-06-27 22:25:20.370689,43.39
ea8a85d3-8a20-4573-ad0d-979e3175506d,4ae84bdf-f3a5-45ef-817b-d2a69204a251,2025-07-02 22:25:20.370689,46.02
b0e46f4a-8cb5-450b-9e38-d5ae10d6e262,4ae84bdf-f3a5-45ef-817b-d2a69204a251,2025-07-07 22:25:20.370689,46.02
3f15edef-c740-406d-8a79-742589544a43,4ae84bdf-f3a5-45ef-817b-d2a69204a251,2025-07-12 22:25:20.370689,46.02
b04f5190-54da-4c12-ade1-3d62682a7664,4ae84bdf-f3a5-45ef-817b-d2a69204a251,2025-07-17 22:25:20.370689,50.33
857ba5fc-d7d7-4414-bc77-ee1b9da0e565,4ae84bdf-f3a5-45ef-817b-d2a69204a251,2025-07-22 22:25:20.370689,54.24
00efe67f-dd8d-4e92-8b8e-8ffbac4f7f74,4ae84bdf-f3a5-45ef-817b-d2a69204a251,2025-07-27 22:25:20.370689,56.16
89231414-b8a1-453d-8e2d-56c210e2303e,4ae84bdf-f3a5-45ef-817b-d2a69204a251,2025-08-01 22:25:20.370689,56.16
94e3226f-051a-491f-bd34-523377359fa8,4ae84bdf-f3a5-45ef-817b-d2a69204a251,2025-08-06 22:25:20.370689,58.75
3baffded-367b-484d-bb86-eb55613c0577,4ae84bdf-f3a5-45ef-817b-d2a69204a251,2025-08-11 22:25:20.370689,58.75
ed2e70af-07ba-4abd-840b-572f3d24cb8a,54725161-52ca-4b2e-8df7-0dcd9d427adf,2025-04-18 22:21:13.558010,22.32
78773030-e234-43b1-a6c7-a50ccd130a29,54725161-52ca-4b2e-8df7-0dcd9d427adf,2025-04-23 22:21:13.558010,19.81
cef1f8e3-f5d1-46c4-b1cd-30597eee3960,54725161-52ca-4b2e-8df7-0dcd9d427adf,2025-04-28 22:21:13.558010,19.32
3ae55d9a-be08-430c-a02c-a38d2ae1c10f,54725161-52ca-4b2e-8df7-0dcd9d427adf,2025-05-03 22:21:13.558010,19.32
831bd039-60ba-4e59-8204-e723416382e3,54725161-52ca-4b2e-8df7-0dcd9d427adf,2025-05-08 22:21:13.558010,14.68
5131388a-4ef4-496e-8bd5-79178954ab49,54725161-52ca-4b2e-8df7-0dcd9d427adf,2025-05-13 22:21:13.558010,11.83
1302816e-0f4c-4476-9a30-ee1f0fe35bc6,54725161-52ca-4b2e-8df7-0dcd9d427adf,2025-05-18 22:21:13.558010,7.81
60f8aec6-571d-478f-84ae-d8beeec8808c,54725161-52ca-4b2e-8df7-0dcd9d427adf,2025-05-23 22:21:13.558010,7.81
11820a76-1968-4203-b357-1bc27295b905,54725161-52ca-4b2e-8df7-0dcd9d427adf,2025-05-28 22:21:13.558010,7.35
a5623c9b-d624-43b1-8f1f-4e709d17c4cf,54725161-52ca-4b2e-8df7-0dcd9d427adf,2025-06-02 22:21:13.558010,7.35
31329cf9-09e7-443a-9046-c873ee3a5573,54725161-52ca-4b2e-8df7-0dcd9d427adf,2025-06-07 22:21:13.558010,10.4
9098fc76-da47-487a-b1a4-e2705cbed0aa,54725161-52ca-4b2e-8df7-0dcd9d427adf,2025-06-12 22:21:13.558010,10.4
e64421c1-bffe-4346-a16d-3a8ad2c430d2,54725161-52ca-4b2e-8df7-0dcd9d427adf,2025-06-17 22:21:13.558010,10.4
c2f96689-223a-474c-b7fd-9b63a2c46d9f,54725161-52ca-4b2e-8df7-0dcd9d427adf,2025-06-22 22:21:13.558010,14.85
9a4c0c66-1a43-4152-b23c-913aca16daac,54725161-52ca-4b2e-8df7-0dcd9d427adf,2025-06-27 22:21:13.558010,13.14
57c5aac2-f012-4c27-80a1-e2b287bf1e62,54725161-52ca-4b2e-8df7-0dcd9d427adf,2025-07-02 22:21:13.558010,9.55
514f2ada-69c2-4442-9b27-89bd472f0615,54725161-52ca-4b2e-8df7-0dcd9d427adf,2025-07-07 22:21:13.558010,12.89
9a107a05-fa7b-4364-9ee2-4ba8cdb0dfb9,54725161-52ca-4b2e-8df7-0dcd9d427adf,2025-07-12 22:21:13.558010,15.43
b72ab4d4-470d-4455-bfdc-cda29214c29e,54725161-52ca-4b2e-8df7-0dcd9d427adf,2025-07-17 22:21:13.558010,15.11
5e885e13-fca0-4ee2-bf73-2937008f258a,54725161-52ca-4b2e-8df7-0dcd9d427adf,2025-07-22 22:21:13.558010,13.17
6f1a6f3e-a0e9-428c-866f-b85060326b8b,54725161-52ca-4b2e-8df7-0dcd9d427adf,2025-07-27 22:21:13.558010,18.13
ac50e516-446c-4c6a-8a66-b46eaabf664a,54725161-52ca-4b2e-8df7-0dcd9d427adf,2025-08-01 22:21:13.558010,22.94
36b46b7d-3ca0-4f48-963c-d0bf96f2117d,54725161-52ca-4b2e-8df7-0dcd9d427adf,2025-08-06 22:21:13.558010,19.29
36d77ea2-d2de-41b2-8a7a-93aa17e9b2b4,54725161-52ca-4b2e-8df7-0dcd9d427adf,2025-08-11 22:21:13.558010,23.49
5ebb2c1b-1df4-435c-b3b1-fbb48d08bc80,560b49be-32ad-4267-97da-21148ccce35e,2025-04-10 12:40:08.562149,53.31
fed7ed65-85b2-4412-98d7-5eaf90389522,560b49be-32ad-4267-97da-21148ccce35e,2025-04-15 12:40:08.562149,50.79
269be2c0-00b1-4b6a-aefb-0379c2fa8a98,560b49be-32ad-4267-97da-21148ccce35e,2025-04-20 12:40:08.562149,49.62
59351980-16b5-4d9d-8022-681b2133f334,560b49be-32ad-4267-97da-21148ccce35e,2025-04-25 12:40:08.562149,50.83
079d8dc8-4fdc-48e0-8b21-92c3a866b589,560b49be-32ad-4267-97da-21148ccce35e,2025-04-30 12:40:08.562149,53.98
6136cef8-1bd8-4868-868c-eb20b14c51c1,560b49be-32ad-4267-97da-21148ccce35e,2025-05-05 12:40:08.562149,53.98
dc5f3634-6251-4baa-bc35-2efe90143bb8,560b49be-32ad-4267-97da-21148ccce35e,2025-05-10 12:40:08.562149,53.98
3880525c-7fb8-428c-891f-80c9c5be43f0,560b49be-32ad-4267-97da-21148ccce35e,2025-05-15 12:40:08.562149,53.84
638610d4-15a1-4cb5-8b02-7af349f8a98c,560b49be-32ad-4267-97da-21148ccce35e,2025-05-20 12:40:08.562149,53.84
f3d799ea-dd77-459b-b250-aae768a5bc93,560b49be-32ad-4267-97da-21148ccce35e,2025-05-25 12:40:08.562149,55.19
349ddd4f-9717-4c55-9430-da6ba754fc21,560b49be-32ad-4267-97da-21148ccce35e,2025-05-30 12:40:08.562149,55.19
35f0bda6-fa35-44e0-9743-4960c57397c2,560b49be-32ad-4267-97da-21148ccce35e,2025-06-04 12:40:08.562149,55.19
7481a7b0-d3f9-4904-9c02-5018db72a26e,560b49be-32ad-4267-97da-21148ccce35e,2025-06-09 12:40:08.562149,53.63
f7034762-5d69-42e5-a20e-14d1809278a9,560b49be-32ad-4267-97da-21148ccce35e,2025-06-14 12:40:08.562149,53.63
95dd96fe-7b23-4bf6-9b6f-1a68888f3e4b,560b49be-32ad-4267-97da-21148ccce35e,2025-06-19 12:40:08.562149,52.64
85e669de-3d21-4cc9-bedd-1b5d3b7847f4,560b49be-32ad-4267-97da-21148ccce35e,2025-06-24 12:40:08.562149,52.64
9dbec21c-8863-42c0-8d80-5cc5c092c60f,560b49be-32ad-4267-97da-21148ccce35e,2025-06-29 12:40:08.562149,53.1
b57ff45d-e859-4f7d-b07f-10464f4d76f0,560b49be-32ad-4267-97da-21148ccce35e,2025-07-04 12:40:08.562149,54.77
d6e0eef7-6470-4ece-8852-d4a2cdef0a57,560b49be-32ad-4267-97da-21148ccce35e,2025-07-09 12:40:08.562149,59.02
5797c4ac-1309-484a-9e89-438ea6e7fb88,560b49be-32ad-4267-97da-21148ccce35e,2025-07-14 12:40:08.562149,55.51
c6daabf1-06fe-4c84-8e05-e6144453d313,560b49be-32ad-4267-97da-21148ccce35e,2025-07-19 12:40:08.562149,57.89
6ea44d16-44b0-413e-9671-79c8b48fc597,560b49be-32ad-4267-97da-21148ccce35e,2025-07-24 12:40:08.562149,59.06
f9c7f269-ebda-416f-b7de-404a25cd6d94,560b49be-32ad-4267-97da-21148ccce35e,2025-07-29 12:40:08.562149,60.23
64f379b0-fbf6-4215-b24b-34b7c5f20d38,560b49be-32ad-4267-97da-21148ccce35e,2025-08-03 12:40:08.562149,60.23
5b196f92-98f4-420e-9ace-7d07d7a475dd,5875ebb3-bba7-4356-bb0e-9f3c7679c975,2025-04-18 22:22:09.449203,62.16
ee049446-98db-40ae-b27f-636852b41141,5875ebb3-bba7-4356-bb0e-9f3c7679c975,2025-04-23 22:22:09.449203,61.79
e53c7015-adcd-4253-9a23-c2d26f90359f,5875ebb3-bba7-4356-bb0e-9f3c7679c975,2025-04-28 22:22:09.449203,60.55
d125629e-5364-4fec-acfe-0458efa413f9,5875ebb3-bba7-4356-bb0e-9f3c7679c975,2025-05-03 22:22:09.449203,58.18
59c9a0d6-2c32-4c80-ac9f-7c67f74580fa,5875ebb3-bba7-4356-bb0e-9f3c7679c975,2025-05-08 22:22:09.449203,57.27
301bbdcb-3c4d-40dc-9ab9-fd5c131add49,5875ebb3-bba7-4356-bb0e-9f3c7679c975,2025-05-13 22:22:09.449203,57.27
8cdf5eb2-2fc5-4717-86ac-fefd41b56f49,5875ebb3-bba7-4356-bb0e-9f3c7679c975,2025-05-18 22:22:09.449203,53.98
983415db-174c-4866-bb00-9107f6e5fb2f,5875ebb3-bba7-4356-bb0e-9f3c7679c975,2025-05-23 22:22:09.449203,53.16
eb15c32c-75fc-40c6-aa0f-15a4c85ceb71,5875ebb3-bba7-4356-bb0e-9f3c7679c975,2025-05-28 22:22:09.449203,53.16
d5345bd5-bc74-4639-b13a-25cec68324ad,5875ebb3-bba7-4356-bb0e-9f3c7679c975,2025-06-02 22:22:09.449203,48.64
6d4ee131-db9a-467a-b5f9-e95686f17a53,5875ebb3-bba7-4356-bb0e-9f3c7679c975,2025-06-07 22:22:09.449203,49.8
f6c6c589-52ce-468a-8ead-5062cf380a03,5875ebb3-bba7-4356-bb0e-9f3c7679c975,2025-06-12 22:22:09.449203,53.14
e0313039-f71f-4f37-92f4-34a96982641f,5875ebb3-bba7-4356-bb0e-9f3c7679c975,2025-06-17 22:22:09.449203,53.14
b357b413-cf03-43e7-8ea9-240e401bd929,5875ebb3-bba7-4356-bb0e-9f3c7679c975,2025-06-22 22:22:09.449203,53.14
821e5468-964f-4e7a-b1fd-a033884a7e38,5875ebb3-bba7-4356-bb0e-9f3c7679c975,2025-06-27 22:22:09.449203,53.14
52e24bd0-3371-4f05-b7a3-e7cfed9ee7d1,5875ebb3-bba7-4356-bb0e-9f3c7679c975,2025-07-02 22:22:09.449203,53.14
d565dd7b-072f-45e3-bef9-e3ea03ce6808,5875ebb3-bba7-4356-bb0e-9f3c7679c975,2025-07-07 22:22:09.449203,49.72
fd1c9eac-b9d4-4681-af34-39e2e0a1817f,5875ebb3-bba7-4356-bb0e-9f3c7679c975,2025-07-12 22:22:09.449203,53.26
f7620416-a5c3-421e-b119-80b4d9b53fe2,5875ebb3-bba7-4356-bb0e-9f3c7679c975,2025-07-17 22:22:09.449203,52.45
fc48d883-0e8c-46d3-89c6-f9639eeb471d,5875ebb3-bba7-4356-bb0e-9f3c7679c975,2025-07-22 22:22:09.449203,52.45
08ec059f-599e-4ae8-bf7c-d699d106969e,5875ebb3-bba7-4356-bb0e-9f3c7679c975,2025-07-27 22:22:09.449203,50.46
984193ec-d59d-4ef4-b893-9504efa08550,5875ebb3-bba7-4356-bb0e-9f3c7679c975,2025-08-01 22:22:09.449203,54.43
5360f4c5-0a65-4692-9eb8-9bbd59c89725,5875ebb3-bba7-4356-bb0e-9f3c7679c975,2025-08-06 22:22:09.449203,54.43
a306b9de-1de1-4808-afe6-3c1fac0e0a65,5875ebb3-bba7-4356-bb0e-9f3c7679c975,2025-08-11 22:22:09.449203,56.2
5f44f893-5256-4a26-b705-69a07906c97e,5fdf1c13-c0b2-44d8-b073-2cc4384a802f,2025-04-18 22:22:41.820365,80.17
40b0c3a3-99a6-4e4d-a42b-14b1ab65126b,5fdf1c13-c0b2-44d8-b073-2cc4384a802f,2025-04-23 22:22:41.820365,75.98
c0e69e3d-e361-4a9d-9d11-9a265c4aa084,5fdf1c13-c0b2-44d8-b073-2cc4384a802f,2025-04-28 22:22:41.820365,72.64
a3b6931a-3fc4-45b7-8f34-caf71b0fd55b,5fdf1c13-c0b2-44d8-b073-2cc4384a802f,2025-05-03 22:22:41.820365,69.7
c361d5c9-3bd2-4fed-b1f2-3d7eb42cc89b,5fdf1c13-c0b2-44d8-b073-2cc4384a802f,2025-05-08 22:22:41.820365,73.82
02d1d32f-99ef-4bbe-ab1b-10815f155f51,5fdf1c13-c0b2-44d8-b073-2cc4384a802f,2025-05-13 22:22:41.820365,73.82
bb52ff3f-7d2c-4464-811f-32c0ec483b06,5fdf1c13-c0b2-44d8-b073-2cc4384a802f,2025-05-18 22:22:41.820365,77.69
0ca232f4-aefd-407c-a7d5-fc8ce34d5059,5fdf1c13-c0b2-44d8-b073-2cc4384a802f,2025-05-23 22:22:41.820365,76.36
c7d15c3d-43b7-4131-965c-c2c66ec01c18,5fdf1c13-c0b2-44d8-b073-2cc4384a802f,2025-05-28 22:22:41.820365,76.36
845e0665-ef90-4227-9206-7f1656465bc8,5fdf1c13-c0b2-44d8-b073-2cc4384a802f,2025-06-02 22:22:41.820365,76.36
5ed29a6b-2733-4021-b804-97125651d2c9,5fdf1c13-c0b2-44d8-b073-2cc4384a802f,2025-06-07 22:22:41.820365,76.36
891d95b4-67bb-4b8c-9090-8726128cc5de,5fdf1c13-c0b2-44d8-b073-2cc4384a802f,2025-06-12 22:22:41.820365,71.84
ddc734ab-2e83-46de-9a49-4665afbfc5d9,5fdf1c13-c0b2-44d8-b073-2cc4384a802f,2025-06-17 22:22:41.820365,70.95
1f105ec9-87f6-4a9f-8700-12092e7a5feb,5fdf1c13-c0b2-44d8-b073-2cc4384a802f,2025-06-22 22:22:41.820365,69.77
6a2b3fbe-793a-4d02-9c74-31dfb2d7b4ec,5fdf1c13-c0b2-44d8-b073-2cc4384a802f,2025-06-27 22:22:41.820365,69.77
a39e20b7-a69b-42f9-8c92-1f4a949b28bd,5fdf1c13-c0b2-44d8-b073-2cc4384a802f,2025-07-02 22:22:41.820365,69.77
9ecfc8fb-a548-4b41-9468-01d8bc72d5f7,5fdf1c13-c0b2-44d8-b073-2cc4384a802f,2025-07-07 22:22:41.820365,69.77
7120778f-1b81-4f18-af61-036526195db8,5fdf1c13-c0b2-44d8-b073-2cc4384a802f,2025-07-12 22:22:41.820365,69.07
0647b685-21ff-4c80-b2a3-9aceb85bdc0f,5fdf1c13-c0b2-44d8-b073-2cc4384a802f,2025-07-17 22:22:41.820365,69.07
18061ee3-c102-4732-8fcf-8be22687fbea,5fdf1c13-c0b2-44d8-b073-2cc4384a802f,2025-07-22 22:22:41.820365,69.07
a9238e36-1418-42e0-b62b-d889a6db4bf2,5fdf1c13-c0b2-44d8-b073-2cc4384a802f,2025-07-27 22:22:41.820365,67.08
aaeaacc1-d290-4375-a8d2-5a91a99f5cc0,5fdf1c13-c0b2-44d8-b073-2cc4384a802f,2025-08-01 22:22:41.820365,67.08
d72f8878-6411-4cfb-8c74-bc6fb1a5c191,5fdf1c13-c0b2-44d8-b073-2cc4384a802f,2025-08-06 22:22:41.820365,67.08
e23f63dc-68cc-454a-a3cf-74e8d17f355e,5fdf1c13-c0b2-44d8-b073-2cc4384a802f,2025-08-11 22:22:41.820365,70.69
1a1e5470-d7b8-4169-bb2c-5122ff694cbf,7a4fb5ec-2e60-429c-a284-a688a7f07387,2025-04-18 22:24:17.506085,7.73
ef34244b-275c-4bc5-beb0-654520255193,7a4fb5ec-2e60-429c-a284-a688a7f07387,2025-04-23 22:24:17.506085,7.73
23d552d7-0723-4705-a8aa-89ca32cf6f73,7a4fb5ec-2e60-429c-a284-a688a7f07387,2025-04-28 22:24:17.506085,7.73
74f660ad-922a-493a-b880-f50586e2a325,7a4fb5ec-2e60-429c-a284-a688a7f07387,2025-05-03 22:24:17.506085,2.96
8a626feb-c579-45c9-9a3c-561716935be2,7a4fb5ec-2e60-429c-a284-a688a7f07387,2025-05-08 22:24:17.506085,2.96
a9ccf6a0-a436-4537-bf60-be17c67b4e11,7a4fb5ec-2e60-429c-a284-a688a7f07387,2025-05-13 22:24:17.506085,6.4
a1de943d-9ef5-47a9-a8e8-02280419d69d,7a4fb5ec-2e60-429c-a284-a688a7f07387,2025-05-18 22:24:17.506085,6.4
92934429-7980-48a0-ad74-8015d3be6fd2,7a4fb5ec-2e60-429c-a284-a688a7f07387,2025-05-23 22:24:17.506085,4.58
5caa33c5-8a35-4435-a0bd-c74b9d176120,7a4fb5ec-2e60-429c-a284-a688a7f07387,2025-05-28 22:24:17.506085,4.58
227ec1c1-8ee4-4a1b-80e0-59cebc7ded97,7a4fb5ec-2e60-429c-a284-a688a7f07387,2025-06-02 22:24:17.506085,2.42
1b3c9b12-4ffd-4bb4-8efe-9388ba747357,7a4fb5ec-2e60-429c-a284-a688a7f07387,2025-06-07 22:24:17.506085,5.53
8495db0f-110c-4acc-8136-b3e768045317,7a4fb5ec-2e60-429c-a284-a688a7f07387,2025-06-12 22:24:17.506085,5.53
31163b53-edca-4e03-8403-609f7793db45,7a4fb5ec-2e60-429c-a284-a688a7f07387,2025-06-17 22:24:17.506085,0.65
6b5d1ad0-af2a-4427-b245-a0c7f871c959,7a4fb5ec-2e60-429c-a284-a688a7f07387,2025-06-22 22:24:17.506085,0.5
7abd932e-8cbb-4925-ac71-0b370778324c,7a4fb5ec-2e60-429c-a284-a688a7f07387,2025-06-27 22:24:17.506085,0.5
36148925-4962-4167-9674-80c46ec9f51b,7a4fb5ec-2e60-429c-a284-a688a7f07387,2025-07-02 22:24:17.506085,0.5
e193bd13-c1d4-4762-8276-11e13a6d7e1a,7a4fb5ec-2e60-429c-a284-a688a7f07387,2025-07-07 22:24:17.506085,3.97
902d1a1a-3fd6-4a37-a5be-55d31be98048,7a4fb5ec-2e60-429c-a284-a688a7f07387,2025-07-12 22:24:17.506085,7.81
d5b14552-421c-4d85-9412-53ce1fa7417c,7a4fb5ec-2e60-429c-a284-a688a7f07387,2025-07-17 22:24:17.506085,6.42
313ab880-15dc-44d6-a1a5-dbd654533ae4,7a4fb5ec-2e60-429c-a284-a688a7f07387,2025-07-22 22:24:17.506085,6.42
d120fedc-d1e4-4bfa-97c3-665a7e3959c1,7a4fb5ec-2e60-429c-a284-a688a7f07387,2025-07-27 22:24:17.506085,10.74
7499230c-0157-4121-ab20-df2ba60b4fcf,7a4fb5ec-2e60-429c-a284-a688a7f07387,2025-08-01 22:24:17.506085,13.04
abba8060-3fa2-4762-bdc4-eeba3c898a8a,7a4fb5ec-2e60-429c-a284-a688a7f07387,2025-08-06 22:24:17.506085,17.17
68d2f8f8-20bf-4976-8d72-a73e2dd99ae5,7a4fb5ec-2e60-429c-a284-a688a7f07387,2025-08-11 22:24:17.506085,13.43
048597c2-4e0c-466c-bb42-1b722ae1505f,9a628005-f452-4c0b-b22e-6c3e61e8a141,2025-04-18 22:24:30.040871,48.21
68a4df11-1504-4717-9cc1-e80d8d9ddf1c,9a628005-f452-4c0b-b22e-6c3e61e8a141,2025-04-23 22:24:30.040871,47.77
7ead141f-6791-4792-95cc-08b353cd42dc,9a628005-f452-4c0b-b22e-6c3e61e8a141,2025-04-28 22:24:30.040871,47.77
fb4976d6-f5d9-41a5-9f87-eb0697d371ff,9a628005-f452-4c0b-b22e-6c3e61e8a141,2025-05-03 22:24:30.040871,47.06
4bdb3ea6-bbce-43ee-816c-ff6d3dbb8c61,9a628005-f452-4c0b-b22e-6c3e61e8a141,2025-05-08 22:24:30.040871,47.06
3561daf3-a75e-4fa3-8cf9-de0461641530,9a628005-f452-4c0b-b22e-6c3e61e8a141,2025-05-13 22:24:30.040871,45.54
5894a8e7-c111-4b05-b644-6afd7e24a7ca,9a628005-f452-4c0b-b22e-6c3e61e8a141,2025-05-18 22:24:30.040871,48.99
a92176e5-e080-458f-9ae8-48cb6d89503f,9a628005-f452-4c0b-b22e-6c3e61e8a141,2025-05-23 22:24:30.040871,50.22
90a74e80-c188-4d09-9594-468de2416d56,9a628005-f452-4c0b-b22e-6c3e61e8a141,2025-05-28 22:24:30.040871,50.43
b0d97545-679f-422b-8883-e4995afcda89,9a628005-f452-4c0b-b22e-6c3e61e8a141,2025-06-02 22:24:30.040871,53.83
e0ed5362-7b4a-42e6-b3e7-d3cc6f07588f,9a628005-f452-4c0b-b22e-6c3e61e8a141,2025-06-07 22:24:30.040871,53.83
5c56b37f-9eb8-40b4-86d8-6f9c73d2e904,9a628005-f452-4c0b-b22e-6c3e61e8a141,2025-06-12 22:24:30.040871,52.38
c5a9e633-54c1-47d0-a137-5267f0b4fdd3,9a628005-f452-4c0b-b22e-6c3e61e8a141,2025-06-17 22:24:30.040871,52.38
396f777a-1dfb-4bfc-a1f6-9478ee55533a,9a628005-f452-4c0b-b22e-6c3e61e8a141,2025-06-22 22:24:30.040871,50.41
0b06a26e-15b2-43cf-86c0-560011035fc3,9a628005-f452-4c0b-b22e-6c3e61e8a141,2025-06-27 22:24:30.040871,50.41
0c922c3d-6a71-46ad-a5e0-14f71a6e4e00,9a628005-f452-4c0b-b22e-6c3e61e8a141,2025-07-02 22:24:30.040871,50.41
d9c0238c-e809-4171-802f-a95a91342cea,9a628005-f452-4c0b-b22e-6c3e61e8a141,2025-07-07 22:24:30.040871,49.77
96685fa5-5f12-4029-a467-22c818fd7ee8,9a628005-f452-4c0b-b22e-6c3e61e8a141,2025-07-12 22:24:30.040871,49.77
f057d53b-5c4a-4466-87ba-60c7845b48bf,9a628005-f452-4c0b-b22e-6c3e61e8a141,2025-07-17 22:24:30.040871,49.77
11a87623-ead1-4eb2-897f-c081f991aca8,9a628005-f452-4c0b-b22e-6c3e61e8a141,2025-07-22 22:24:30.040871,52.68
fddc6cef-d433-4566-9347-a65c82e12847,9a628005-f452-4c0b-b22e-6c3e61e8a141,2025-07-27 22:24:30.040871,49.91
dbf02482-424c-448e-86c2-6f13df08ed8a,9a628005-f452-4c0b-b22e-6c3e61e8a141,2025-08-01 22:24:30.040871,53.68
6383c95c-5b34-4d76-8ce8-762b4386e503,9a628005-f452-4c0b-b22e-6c3e61e8a141,2025-08-06 22:24:30.040871,54.73
edf4791a-e94d-4c88-b79f-35432209c982,9a628005-f452-4c0b-b22e-6c3e61e8a141,2025-08-11 22:24:30.040871,54.9
ed59c3d7-bd6e-4e8c-acaf-cfdb5f7b9e40,9e6663e2-5f4d-43c6-ab9a-39ea51aaa01e,2025-04-10 12:40:40.043558,67.45
d3c3d5be-a7ba-40c9-907d-c20b8d116667,9e6663e2-5f4d-43c6-ab9a-39ea51aaa01e,2025-04-15 12:40:40.043558,63.51
cb18fef1-2628-480a-bf6d-905fe181b46c,9e6663e2-5f4d-43c6-ab9a-39ea51aaa01e,2025-04-20 12:40:40.043558,64.96
6700c790-b82e-486a-bbcf-48f7378862ae,9e6663e2-5f4d-43c6-ab9a-39ea51aaa01e,2025-04-25 12:40:40.043558,67.55
bcb900ad-a674-4d5f-ad7a-a1b2cceb7875,9e6663e2-5f4d-43c6-ab9a-39ea51aaa01e,2025-04-30 12:40:40.043558,70.0
2e67b542-8509-47fd-94d7-c0b0e4d31ff5,9e6663e2-5f4d-43c6-ab9a-39ea51aaa01e,2025-05-05 12:40:40.043558,71.0
b4804a32-62e4-4605-8e84-4e4173f09a96,9e6663e2-5f4d-43c6-ab9a-39ea51aaa01e,2025-05-10 12:40:40.043558,70.66
d5dc2b63-f66c-4793-ba91-6f668c561317,9e6663e2-5f4d-43c6-ab9a-39ea51aaa01e,2025-05-15 12:40:40.043558,70.66
f88512f9-04e7-4d72-96cb-971a29cac8fc,9e6663e2-5f4d-43c6-ab9a-39ea51aaa01e,2025-05-20 12:40:40.043558,71.15
f5e9ad22-2fa6-49f3-ad7c-1c48e65464c5,9e6663e2-5f4d-43c6-ab9a-39ea51aaa01e,2025-05-25 12:40:40.043558,67.1
1ca1eb73-a9e8-47b8-86f0-b2435cef4234,9e6663e2-5f4d-43c6-ab9a-39ea51aaa01e,2025-05-30 12:40:40.043558,67.1
59df5928-2bf3-40ae-a8b3-2a1c915bf87d,9e6663e2-5f4d-43c6-ab9a-39ea51aaa01e,2025-06-04 12:40:40.043558,63.18
6d811ecc-572b-4444-8198-fa3e7a79a435,9e6663e2-5f4d-43c6-ab9a-39ea51aaa01e,2025-06-09 12:40:40.043558,63.18
f282c12d-c7df-4b70-b008-e60b15dd18ba,9e6663e2-5f4d-43c6-ab9a-39ea51aaa01e,2025-06-14 12:40:40.043558,66.96
e8056177-4806-4aed-a4b4-e56287e40ede,9e6663e2-5f4d-43c6-ab9a-39ea51aaa01e,2025-06-19 12:40:40.043558,64.05
62269489-f9b5-449c-ad23-a60067e4d5ed,9e6663e2-5f4d-43c6-ab9a-39ea51aaa01e,2025-06-24 12:40:40.043558,64.05
4c72c5d5-0830-4613-bc93-9d540ad4e7f8,9e6663e2-5f4d-43c6-ab9a-39ea51aaa01e,2025-06-29 12:40:40.043558,61.7
76b6695c-3cea-4bbc-97d3-2fe8a1d94a15,9e6663e2-5f4d-43c6-ab9a-39ea51aaa01e,2025-07-04 12:40:40.043558,65.72
a0413be9-6dd3-423f-af16-6fed5567e39c,9e6663e2-5f4d-43c6-ab9a-39ea51aaa01e,2025-07-09 12:40:40.043558,63.8
461d9982-60a5-4a3f-9ddf-03c341e3f3c6,9e6663e2-5f4d-43c6-ab9a-39ea51aaa01e,2025-07-14 12:40:40.043558,63.8
7732aa6b-1376-4b89-b94e-25594c24e1aa,9e6663e2-5f4d-43c6-ab9a-39ea51aaa01e,2025-07-19 12:40:40.043558,59.96
9b9281e8-1ffa-44f7-b3ce-75565ae28578,9e6663e2-5f4d-43c6-ab9a-39ea51aaa01e,2025-07-24 12:40:40.043558,59.96
80cef9e9-ef57-4966-9677-710fbaf58137,9e6663e2-5f4d-43c6-ab9a-39ea51aaa01e,2025-07-29 12:40:40.043558,58.54
7fe87975-0cca-4e06-9b2d-6869a475abf6,9e6663e2-5f4d-43c6-ab9a-39ea51aaa01e,2025-08-03 12:40:40.043558,58.54
6d57ffdc-3f1c-4083-bb14-213bacd818d5,b9935dad-617a-4bf2-9dff-5f01faf98355,2025-04-18 22:22:47.479294,64.38
01800392-1099-457a-8ac5-9f64f076855a,b9935dad-617a-4bf2-9dff-5f01faf98355,2025-04-23 22:22:47.479294,59.62
9be7826d-99b0-4860-b318-3a9468d12861,b9935dad-617a-4bf2-9dff-5f01faf98355,2025-04-28 22:22:47.479294,59.62
42d0c984-31a6-46bb-9411-e468687649e4,b9935dad-617a-4bf2-9dff-5f01faf98355,2025-05-03 22:22:47.479294,55.3
6f999763-be70-4813-b764-1e799db4fcbd,b9935dad-617a-4bf2-9dff-5f01faf98355,2025-05-08 22:22:47.479294,53.6
b64ab623-27a9-479f-9fc8-1a67c5508e5f,b9935dad-617a-4bf2-9dff-5f01faf98355,2025-05-13 22:22:47.479294,53.6
2d05f0c8-db02-4733-9336-c4bca1952788,b9935dad-617a-4bf2-9dff-5f01faf98355,2025-05-18 22:22:47.479294,53.6
148d61c9-57b9-4c3f-aa81-b89d9d4e420e,b9935dad-617a-4bf2-9dff-5f01faf98355,2025-05-23 22:22:47.479294,53.6
2a2abedc-3075-4df8-a882-ad990f999199,b9935dad-617a-4bf2-9dff-5f01faf98355,2025-05-28 22:22:47.479294,51.26
15b56995-e235-4b63-ac85-883e07737243,b9935dad-617a-4bf2-9dff-5f01faf98355,2025-06-02 22:22:47.479294,50.11
025573b5-41e9-49cb-9c67-48b5cd40243b,b9935dad-617a-4bf2-9dff-5f01faf98355,2025-06-07 22:22:47.479294,50.11
f61d0cd5-4ccc-41d9-8c9f-1b67f01f0412,b9935dad-617a-4bf2-9dff-5f01faf98355,2025-06-12 22:22:47.479294,48.27
ad0467b6-02b4-4be5-a301-8cc456488f2b,b9935dad-617a-4bf2-9dff-5f01faf98355,2025-06-17 22:22:47.479294,50.58
14c4a5b0-3c6b-47e9-bb2b-30b4e80e4839,b9935dad-617a-4bf2-9dff-5f01faf98355,2025-06-22 22:22:47.479294,50.74
89a170d4-98c3-461e-b1bb-8637880fb2e1,b9935dad-617a-4bf2-9dff-5f01faf98355,2025-06-27 22:22:47.479294,54.73
e17d96f4-c21a-407a-b151-4e39afdf2662,b9935dad-617a-4bf2-9dff-5f01faf98355,2025-07-02 22:22:47.479294,54.73
7e280815-db44-49d6-a4c8-21e88e1fe77a,b9935dad-617a-4bf2-9dff-5f01faf98355,2025-07-07 22:22:47.479294,54.73
1c8ee04d-d5ba-4e45-829d-aab7283c71c1,b9935dad-617a-4bf2-9dff-5f01faf98355,2025-07-12 22:22:47.479294,54.73
aee0877c-b108-4d6e-b871-2da2d90a5bf2,b9935dad-617a-4bf2-9dff-5f01faf98355,2025-07-17 22:22:47.479294,55.65
ff75f0a2-4c99-4a8a-a1ef-94fd02ffe853,b9935dad-617a-4bf2-9dff-5f01faf98355,2025-07-22 22:22:47.479294,54.12
920b086c-c984-4b21-82c6-0cb3bf7edc68,b9935dad-617a-4bf2-9dff-5f01faf98355,2025-07-27 22:22:47.479294,54.12
af9dbea0-8195-42fc-8422-b27991bfe0f5,b9935dad-617a-4bf2-9dff-5f01faf98355,2025-08-01 22:22:47.479294,55.32
5b2e533c-7cfd-45fc-994e-e0afb5d80e0e,b9935dad-617a-4bf2-9dff-5f01faf98355,2025-08-06 22:22:47.479294,59.52
67086269-1add-4468-9c7c-8971ea77f4e4,b9935dad-617a-4bf2-9dff-5f01faf98355,2025-08-11 22:22:47.479294,59.52
e29c1e13-1e54-4f8f-9d6e-41b1c7cac03d,ba6585d8-4881-4569-a4ef-e458cb9dabd6,2025-04-10 12:37:30.194996,17.6
66e91ad9-2773-4a0e-b6a5-4bb65148552d,ba6585d8-4881-4569-a4ef-e458cb9dabd6,2025-04-15 12:37:30.194996,20.66
71febdc4-3294-41a5-9d99-20f89553be35,ba6585d8-4881-4569-a4ef-e458cb9dabd6,2025-04-20 12:37:30.194996,23.8
857d90c5-8561-45ba-b4e6-e98e2b9799a5,ba6585d8-4881-4569-a4ef-e458cb9dabd6,2025-04-25 12:37:30.194996,23.8
1d31b3ad-c3f4-4683-9c79-61fa48f3c4eb,ba6585d8-4881-4569-a4ef-e458cb9dabd6,2025-04-30 12:37:30.194996,22.1
f544e086-48eb-4605-8e7a-c4de984ea21d,ba6585d8-4881-4569-a4ef-e458cb9dabd6,2025-05-05 12:37:30.194996,22.1
8ed2bd9d-880c-4ee1-93b9-57a921681c0a,ba6585d8-4881-4569-a4ef-e458cb9dabd6,2025-05-10 12:37:30.194996,22.1
a8cdb865-abd1-4fac-acf3-098b0c13fbca,ba6585d8-4881-4569-a4ef-e458cb9dabd6,2025-05-15 12:37:30.194996,22.51
e27966a1-2278-41f5-82e7-10ea20cc23f9,ba6585d8-4881-4569-a4ef-e458cb9dabd6,2025-05-20 12:37:30.194996,19.41
a058984d-18cd-45fd-9685-4850b668e956,ba6585d8-4881-4569-a4ef-e458cb9dabd6,2025-05-25 12:37:30.194996,14.86
bba0edee-f4c7-4655-82c4-78c8f12677da,ba6585d8-4881-4569-a4ef-e458cb9dabd6,2025-05-30 12:37:30.194996,14.86
48daf80a-4132-40a6-8f70-2281060012e0,ba6585d8-4881-4569-a4ef-e458cb9dabd6,2025-06-04 12:37:30.194996,18.2
0a456ee3-d728-4637-ab13-cb80b1eb2422,ba6585d8-4881-4569-a4ef-e458cb9dabd6,2025-06-09 12:37:30.194996,22.1
9ad8c479-f1b4-4e77-a9d0-a99fb6174f4b,ba6585d8-4881-4569-a4ef-e458cb9dabd6,2025-06-14 12:37:30.194996,18.43
b3723b7c-ca07-4786-8193-8a234fc5e6b1,ba6585d8-4881-4569-a4ef-e458cb9dabd6,2025-06-19 12:37:30.194996,18.43
0d8945a4-4229-4851-9d2c-4192efc5247c,ba6585d8-4881-4569-a4ef-e458cb9dabd6,2025-06-24 12:37:30.194996,14.57
427aad45-cac6-4a18-b4d9-bf0ef708fcba,ba6585d8-4881-4569-a4ef-e458cb9dabd6,2025-06-29 12:37:30.194996,14.12
d0155bd4-3633-4c2e-a0ad-f0f7cde5ca97,ba6585d8-4881-4569-a4ef-e458cb9dabd6,2025-07-04 12:37:30.194996,17.57
6ddfa72c-a472-4eea-9580-2274a15f2fb5,ba6585d8-4881-4569-a4ef-e458cb9dabd6,2025-07-09 12:37:30.194996,17.57
a2d1babb-adc4-4a11-a75d-869c020f924b,ba6585d8-4881-4569-a4ef-e458cb9dabd6,2025-07-14 12:37:30.194996,17.57
611a1e6c-bb9a-4323-b23e-9b0f6ede65d3,ba6585d8-4881-4569-a4ef-e458cb9dabd6,2025-07-19 12:37:30.194996,17.57
5ca0ec61-0406-40cc-b3cf-6bb67e6b7b3b,ba6585d8-4881-4569-a4ef-e458cb9dabd6,2025-07-24 12:37:30.194996,17.57
110d33cf-d9f0-465d-b8ba-fa171d60c01a,ba6585d8-4881-4569-a4ef-e458cb9dabd6,2025-07-29 12:37:30.194996,18.02
aa460deb-e85a-4d41-8231-68f009048c90,ba6585d8-4881-4569-a4ef-e458cb9dabd6,2025-08-03 12:37:30.194996,22.95
a3594e16-6e80-49f9-875f-0784b93fb2ab,c45dea72-ab78-4e47-a519-30040f767ac4,2025-04-10 12:37:42.275133,5.04
aedc5ff3-7e5c-48d6-b118-30296f142622,c45dea72-ab78-4e47-a519-30040f767ac4,2025-04-15 12:37:42.275133,9.71
662ce4a4-1417-4306-86cf-95123ed71a62,c45dea72-ab78-4e47-a519-30040f767ac4,2025-04-20 12:37:42.275133,9.71
3f294dc4-ba2c-41a5-aab1-d794bd7ef2b2,c45dea72-ab78-4e47-a519-30040f767ac4,2025-04-25 12:37:42.275133,9.1
9f12365c-fc25-4f1e-ae8c-d88379ca9c77,c45dea72-ab78-4e47-a519-30040f767ac4,2025-04-30 12:37:42.275133,12.66
d6d863c3-c70e-45ea-ab0d-2102d85153b2,c45dea72-ab78-4e47-a519-30040f767ac4,2025-05-05 12:37:42.275133,12.08
fb8489ac-34bc-4bac-a268-0fd13f67445a,c45dea72-ab78-4e47-a519-30040f767ac4,2025-05-10 12:37:42.275133,8.8
08b93c0f-7653-4947-ac4f-5eb9691a8efc,c45dea72-ab78-4e47-a519-30040f767ac4,2025-05-15 12:37:42.275133,13.73
27b848fb-8734-4de9-9ebd-6b4fcc4f6010,c45dea72-ab78-4e47-a519-30040f767ac4,2025-05-20 12:37:42.275133,11.09
2f5a75a9-fa05-43ae-8986-6d184ec54f49,c45dea72-ab78-4e47-a519-30040f767ac4,2025-05-25 12:37:42.275133,11.09
d91b71ed-8a3e-4521-9998-9b3ba1485716,c45dea72-ab78-4e47-a519-30040f767ac4,2025-05-30 12:37:42.275133,6.58
6aa14d9e-4bcb-481b-a499-579bff1c3dee,c45dea72-ab78-4e47-a519-30040f767ac4,2025-06-04 12:37:42.275133,1.72
9521af16-3773-4d11-94bf-d49946c19875,c45dea72-ab78-4e47-a519-30040f767ac4,2025-06-09 12:37:42.275133,1.71
f02b77f5-1486-4a2e-9ccb-3f2760bff1f8,c45dea72-ab78-4e47-a519-30040f767ac4,2025-06-14 12:37:42.275133,3.62
8a469563-fe27-48d3-afcd-ded816a1d0ba,c45dea72-ab78-4e47-a519-30040f767ac4,2025-06-19 12:37:42.275133,3.62
1608e43a-93c1-4360-b687-a1d989d73698,c45dea72-ab78-4e47-a519-30040f767ac4,2025-06-24 12:37:42.275133,2.64
011214af-cf17-41ac-ab65-038cdfc6c183,c45dea72-ab78-4e47-a519-30040f767ac4,2025-06-29 12:37:42.275133,4.9
2c171d5f-edd3-41bf-897d-6c9a65141326,c45dea72-ab78-4e47-a519-30040f767ac4,2025-07-04 12:37:42.275133,4.9
0a44dcb1-2f01-40e8-a093-3f79911afc49,c45dea72-ab78-4e47-a519-30040f767ac4,2025-07-09 12:37:42.275133,4.9
1fd40aab-286f-4d9e-8ca5-cc22a49c962e,c45dea72-ab78-4e47-a519-30040f767ac4,2025-07-14 12:37:42.275133,9.77
257662af-07c4-4440-ada2-3e5d3146b49f,c45dea72-ab78-4e47-a519-30040f767ac4,2025-07-19 12:37:42.275133,11.92
add506a0-2327-4036-bd5b-9ed46f4ed1f3,c45dea72-ab78-4e47-a519-30040f767ac4,2025-07-24 12:37:42.275133,11.97
496678c5-052b-4899-9ae6-9124aaa0cab2,c45dea72-ab78-4e47-a519-30040f767ac4,2025-07-29 12:37:42.275133,8.46
a825e534-bfca-471a-aed0-39c290f6f663,c45dea72-ab78-4e47-a519-30040f767ac4,2025-08-03 12:37:42.275133,12.76
10a3892f-a40b-49fe-9c6c-70312a900a59,c9561ba4-fd95-4d02-8c09-f50ce8ae88a5,2025-04-18 22:24:27.823419,36.27
30a30b93-8e21-4bee-8876-c08b0fdb5a51,c9561ba4-fd95-4d02-8c09-f50ce8ae88a5,2025-04-23 22:24:27.823419,31.44
0fdff5e2-3c84-4ae8-acbd-20dcf24ad463,c9561ba4-fd95-4d02-8c09-f50ce8ae88a5,2025-04-28 22:24:27.823419,31.44
b735bc89-a0c9-44ae-884b-f8b5de659d0f,c9561ba4-fd95-4d02-8c09-f50ce8ae88a5,2025-05-03 22:24:27.823419,31.44
77fe5b60-c88c-4d28-a587-54672b3ae559,c9561ba4-fd95-4d02-8c09-f50ce8ae88a5,2025-05-08 22:24:27.823419,31.44
f1701a3e-88e9-49f8-abfe-f393722db40c,c9561ba4-fd95-4d02-8c09-f50ce8ae88a5,2025-05-13 22:24:27.823419,34.7
c422106b-e5ec-4b11-8e1b-c3985ef26f06,c9561ba4-fd95-4d02-8c09-f50ce8ae88a5,2025-05-18 22:24:27.823419,34.7
cee7f7c3-f1be-4c94-811d-1decb44ccccf,c9561ba4-fd95-4d02-8c09-f50ce8ae88a5,2025-05-23 22:24:27.823419,38.59
211b718b-c3b7-4bb2-a908-722469e29e02,c9561ba4-fd95-4d02-8c09-f50ce8ae88a5,2025-05-28 22:24:27.823419,41.54
6623f191-75d1-4eb1-bf3d-daa87e5c5712,c9561ba4-fd95-4d02-8c09-f50ce8ae88a5,2025-06-02 22:24:27.823419,38.09
6700cef3-1297-443c-b6a9-83134550cdd0,c9561ba4-fd95-4d02-8c09-f50ce8ae88a5,2025-06-07 22:24:27.823419,38.09
f314ea1a-f4f1-4233-b107-4c33e8856658,c9561ba4-fd95-4d02-8c09-f50ce8ae88a5,2025-06-12 22:24:27.823419,41.58
79c55849-819d-4d96-b11f-28b3fdac34c9,c9561ba4-fd95-4d02-8c09-f50ce8ae88a5,2025-06-17 22:24:27.823419,41.73
6d623787-06c8-4b26-a5a8-e0757ce5c823,c9561ba4-fd95-4d02-8c09-f50ce8ae88a5,2025-06-22 22:24:27.823419,41.73
f45c0d2f-0fbc-4716-a64f-933138e500fa,c9561ba4-fd95-4d02-8c09-f50ce8ae88a5,2025-06-27 22:24:27.823419,41.73
be7c10e2-854a-4689-b772-a128bdee65dc,c9561ba4-fd95-4d02-8c09-f50ce8ae88a5,2025-07-02 22:24:27.823419,42.57
a0e57792-a0b2-4a19-94ca-a0f792dd8e6f,c9561ba4-fd95-4d02-8c09-f50ce8ae88a5,2025-07-07 22:24:27.823419,37.78
3d36cfa6-70be-47f6-913b-f1966eae12c0,c9561ba4-fd95-4d02-8c09-f50ce8ae88a5,2025-07-12 22:24:27.823419,37.78
1f0d91f9-9688-4c7c-ad14-af1c1d19cb04,c9561ba4-fd95-4d02-8c09-f50ce8ae88a5,2025-07-17 22:24:27.823419,37.78
89ff3f5f-6d81-48e3-b0f0-6348f2a5b861,c9561ba4-fd95-4d02-8c09-f50ce8ae88a5,2025-07-22 22:24:27.823419,35.32
b89b04aa-0a62-4758-a95f-5d9b6c92f68d,c9561ba4-fd95-4d02-8c09-f50ce8ae88a5,2025-07-27 22:24:27.823419,31.94
6a0e6419-9b85-4da0-9170-b67f8643a44e,c9561ba4-fd95-4d02-8c09-f50ce8ae88a5,2025-08-01 22:24:27.823419,33.7
45cae605-db90-4f44-ba39-02af68b19d7e,c9561ba4-fd95-4d02-8c09-f50ce8ae88a5,2025-08-06 22:24:27.823419,33.7
57e2cc52-edd2-435a-ad9c-6d89cc67133f,c9561ba4-fd95-4d02-8c09-f50ce8ae88a5,2025-08-11 22:24:27.823419,33.7
bcda83bd-c80d-49f2-ac5d-65e57103b7ed,ca79f7e0-b57e-471e-962e-6bd2c77eac2f,2025-04-10 12:37:22.214118,8.0
2e7fed86-50c6-4a1f-ac2f-30e1e4d76cc9,ca79f7e0-b57e-471e-962e-6bd2c77eac2f,2025-04-15 12:37:22.214118,7.33
24a902bf-c819-472b-8a96-ca3022dfe61e,ca79f7e0-b57e-471e-962e-6bd2c77eac2f,2025-04-20 12:37:22.214118,8.62
8f8befed-6bf3-410b-8d53-217e1b57a25a,ca79f7e0-b57e-471e-962e-6bd2c77eac2f,2025-04-25 12:37:22.214118,10.28
b63e2606-7a58-418b-9396-3a40d5388bdc,ca79f7e0-b57e-471e-962e-6bd2c77eac2f,2025-04-30 12:37:22.214118,14.58
e03b23e3-7545-4f3f-8ea1-c38056f10bee,ca79f7e0-b57e-471e-962e-6bd2c77eac2f,2025-05-05 12:37:22.214118,15.51
2a1f1a78-249d-466f-8d8b-b5f8d859502c,ca79f7e0-b57e-471e-962e-6bd2c77eac2f,2025-05-10 12:37:22.214118,15.76
2c099191-2a52-46c9-8862-1e91e21e72ab,ca79f7e0-b57e-471e-962e-6bd2c77eac2f,2025-05-15 12:37:22.214118,15.76
1b26dc43-2ae6-42d0-b72a-650b1c4ce6fa,ca79f7e0-b57e-471e-962e-6bd2c77eac2f,2025-05-20 12:37:22.214118,15.76
30aa6dc8-14a8-4953-8c3a-384628dd7771,ca79f7e0-b57e-471e-962e-6bd2c77eac2f,2025-05-25 12:37:22.214118,14.8
ea803709-cf81-4e75-8eb6-5f31c705d82c,ca79f7e0-b57e-471e-962e-6bd2c77eac2f,2025-05-30 12:37:22.214118,13.62
6e3c8b15-840c-4e6f-8233-63fefd8c6faa,ca79f7e0-b57e-471e-962e-6bd2c77eac2f,2025-06-04 12:37:22.214118,12.47
aa77bd96-7723-4586-8b03-dd5aff32eeed,ca79f7e0-b57e-471e-962e-6bd2c77eac2f,2025-06-09 12:37:22.214118,12.47
fd1c7201-e254-4534-bfae-867adba05ebb,ca79f7e0-b57e-471e-962e-6bd2c77eac2f,2025-06-14 12:37:22.214118,7.86
c18ac522-3f5f-4e41-b9f8-7f80293a9a96,ca79f7e0-b57e-471e-962e-6bd2c77eac2f,2025-06-19 12:37:22.214118,11.18
25ac3265-4586-4b78-8b16-76a646c73659,ca79f7e0-b57e-471e-962e-6bd2c77eac2f,2025-06-24 12:37:22.214118,7.29
52c87b62-27fd-4db9-b809-c1772be42471,ca79f7e0-b57e-471e-962e-6bd2c77eac2f,2025-06-29 12:37:22.214118,10.23
f5343610-97a7-4d4e-8334-ca35c0d0bcf2,ca79f7e0-b57e-471e-962e-6bd2c77eac2f,2025-07-04 12:37:22.214118,10.23
57c3c445-4d53-4f9f-b226-2720c2b51f48,ca79f7e0-b57e-471e-962e-6bd2c77eac2f,2025-07-09 12:37:22.214118,10.23
4dc58312-7914-4f9e-b2e2-2e05a9f88ec8,ca79f7e0-b57e-471e-962e-6bd2c77eac2f,2025-07-14 12:37:22.214118,12.01
2609c4e4-46f5-46f3-9778-61c8853f0f42,ca79f7e0-b57e-471e-962e-6bd2c77eac2f,2025-07-19 12:37:22.214118,8.31
adff336f-ea6b-4807-986d-6c121347b573,ca79f7e0-b57e-471e-962e-6bd2c77eac2f,2025-07-24 12:37:22.214118,5.52
2d21f026-0168-4672-84f7-b9e7152785ff,ca79f7e0-b57e-471e-962e-6bd2c77eac2f,2025-07-29 12:37:22.214118,6.89
613631fd-9923-4c07-9271-cb55a9f0633b,ca79f7e0-b57e-471e-962e-6bd2c77eac2f,2025-08-03 12:37:22.214118,10.9
e30f7529-5836-4462-a145-0d2aa7190418,d5ac2313-6903-4760-9da2-1eaf663387e4,2025-04-18 22:21:23.686739,30.37
afbb3d65-bc8d-4f29-a262-281b06353689,d5ac2313-6903-4760-9da2-1eaf663387e4,2025-04-23 22:21:23.686739,32.69
dc792d09-be26-43e3-ab26-e8aa1f6d0563,d5ac2313-6903-4760-9da2-1eaf663387e4,2025-04-28 22:21:23.686739,32.69
6ed22b5c-f25d-4a70-9fd0-92d8305daca5,d5ac2313-6903-4760-9da2-1eaf663387e4,2025-05-03 22:21:23.686739,32.69
721a7bd6-d20a-4349-b808-24b6c96f1d44,d5ac2313-6903-4760-9da2-1eaf663387e4,2025-05-08 22:21:23.686739,34.12
29f6bcd1-b19d-481c-9678-7a2e749add3a,d5ac2313-6903-4760-9da2-1eaf663387e4,2025-05-13 22:21:23.686739,34.12
ddb7d4d5-b110-4521-aed5-257b9d229eb4,d5ac2313-6903-4760-9da2-1eaf663387e4,2025-05-18 22:21:23.686739,34.12
678b6f95-a163-44b0-b5e9-26d06b1b0929,d5ac2313-6903-4760-9da2-1eaf663387e4,2025-05-23 22:21:23.686739,34.12
cbc57607-2e14-461a-90d5-fb943be25b67,d5ac2313-6903-4760-9da2-1eaf663387e4,2025-05-28 22:21:23.686739,34.12
e0d82070-5330-4ba5-9871-8c9737bb4a31,d5ac2313-6903-4760-9da2-1eaf663387e4,2025-06-02 22:21:23.686739,39.04
06fd14dc-41b5-4846-9188-777ab391436e,d5ac2313-6903-4760-9da2-1eaf663387e4,2025-06-07 22:21:23.686739,39.04
c721a451-d449-4539-be2b-c82022892e35,d5ac2313-6903-4760-9da2-1eaf663387e4,2025-06-12 22:21:23.686739,39.04
5cb93c35-bdda-46ee-ac0a-ffd962516e18,d5ac2313-6903-4760-9da2-1eaf663387e4,2025-06-17 22:21:23.686739,38.66
fd0da59a-369c-4f5f-902d-c54ccc382134,d5ac2313-6903-4760-9da2-1eaf663387e4,2025-06-22 22:21:23.686739,43.5
bf54a241-35a3-4961-8c26-e8e159b82167,d5ac2313-6903-4760-9da2-1eaf663387e4,2025-06-27 22:21:23.686739,46.41
b1d078e9-786b-41f9-b09e-526252abbc84,d5ac2313-6903-4760-9da2-1eaf663387e4,2025-07-02 22:21:23.686739,46.41
addf692a-57cd-48af-9aea-e7b1b5ad74f1,d5ac2313-6903-4760-9da2-1eaf663387e4,2025-07-07 22:21:23.686739,46.41
a9a0d03f-5eac-4875-b077-9369cf76b914,d5ac2313-6903-4760-9da2-1eaf663387e4,2025-07-12 22:21:23.686739,42.46
e0150e7d-4340-4f23-a1eb-5e5ffc18b05b,d5ac2313-6903-4760-9da2-1eaf663387e4,2025-07-17 22:21:23.686739,42.21
eaa99ed3-500d-422a-8307-32da323df3ff,d5ac2313-6903-4760-9da2-1eaf663387e4,2025-07-22 22:21:23.686739,39.7
3733d570-83d7-4798-86c5-96d8d15fce45,d5ac2313-6903-4760-9da2-1eaf663387e4,2025-07-27 22:21:23.686739,36.12
b265d0f0-3d87-408e-87ff-48db4e41580a,d5ac2313-6903-4760-9da2-1eaf663387e4,2025-08-01 22:21:23.686739,36.12
60f220aa-6dbd-47c6-9868-ab1d49826803,d5ac2313-6903-4760-9da2-1eaf663387e4,2025-08-06 22:21:23.686739,36.12
4dc6927b-df49-4529-adbc-8162ac7eaa0f,d5ac2313-6903-4760-9da2-1eaf663387e4,2025-08-11 22:21:23.686739,36.12
782c865e-9726-4aa1-92ac-ab4cad97877a,d7320e1a-eacb-4858-bd84-ef191945c0d7,2025-04-18 22:22:38.509030,86.85
2e099e82-a9fb-4cc3-85c8-c0c7ff5b3f8b,d7320e1a-eacb-4858-bd84-ef191945c0d7,2025-04-23 22:22:38.509030,83.01
9a2e53d5-9152-4635-a44d-037500a0127c,d7320e1a-eacb-4858-bd84-ef191945c0d7,2025-04-28 22:22:38.509030,83.01
555d7786-e275-4bbd-bb5a-fd401cd7239c,d7320e1a-eacb-4858-bd84-ef191945c0d7,2025-05-03 22:22:38.509030,78.45
3c4c8cb5-c51f-4e0c-8682-196e9bbaec86,d7320e1a-eacb-4858-bd84-ef191945c0d7,2025-05-08 22:22:38.509030,80.9
eba06944-e3dc-4474-a4ba-ba50a8d0a2d1,d7320e1a-eacb-4858-bd84-ef191945c0d7,2025-05-13 22:22:38.509030,81.15
0c4f8385-22a8-44fa-a7b8-24c3de0dda0f,d7320e1a-eacb-4858-bd84-ef191945c0d7,2025-05-18 22:22:38.509030,82.43
153682d5-d278-4a86-b1f1-3e2f41f17618,d7320e1a-eacb-4858-bd84-ef191945c0d7,2025-05-23 22:22:38.509030,79.34
904f4d1d-8e7d-4323-8dee-a543384ddd3f,d7320e1a-eacb-4858-bd84-ef191945c0d7,2025-05-28 22:22:38.509030,79.34
cec4f864-7124-487f-90a8-bf0fb1ff07b4,d7320e1a-eacb-4858-bd84-ef191945c0d7,2025-06-02 22:22:38.509030,84.24
939ef228-1ceb-45e3-a22f-93c4c96f7772,d7320e1a-eacb-4858-bd84-ef191945c0d7,2025-06-07 22:22:38.509030,87.06
18ff0536-1d37-466d-9f76-29ab878f9b44,d7320e1a-eacb-4858-bd84-ef191945c0d7,2025-06-12 22:22:38.509030,87.06
bc3afcff-6a56-4595-9937-ea0611d2d24b,d7320e1a-eacb-4858-bd84-ef191945c0d7,2025-06-17 22:22:38.509030,87.06
dad0a05b-240b-4f2b-9e28-467d4b5c4a01,d7320e1a-eacb-4858-bd84-ef191945c0d7,2025-06-22 22:22:38.509030,87.06
85f980e1-e8be-41fb-afe8-09edd46f0431,d7320e1a-eacb-4858-bd84-ef191945c0d7,2025-06-27 22:22:38.509030,87.06
e4004aa8-eccb-4e41-af0e-02525ff2ae09,d7320e1a-eacb-4858-bd84-ef191945c0d7,2025-07-02 22:22:38.509030,87.06
b293378e-d42d-41c3-853d-47b5cacede42,d7320e1a-eacb-4858-bd84-ef191945c0d7,2025-07-07 22:22:38.509030,87.06
4a526625-52bd-41b0-92c2-2e6bd4304267,d7320e1a-eacb-4858-bd84-ef191945c0d7,2025-07-12 22:22:38.509030,87.06
dd02b8a7-db77-43ef-8b61-88c584da2940,d7320e1a-eacb-4858-bd84-ef191945c0d7,2025-07-17 22:22:38.509030,85.82
92ad046c-587d-41f3-9300-678d5058f355,d7320e1a-eacb-4858-bd84-ef191945c0d7,2025-07-22 22:22:38.509030,85.82
da7d1934-719d-410a-9672-85e8b5952774,d7320e1a-eacb-4858-bd84-ef191945c0d7,2025-07-27 22:22:38.509030,87.25
050356d5-87ed-4b99-98cc-70cc44e94910,d7320e1a-eacb-4858-bd84-ef191945c0d7,2025-08-01 22:22:38.509030,87.25
198a515c-4c35-4281-9b78-d24bb1b73391,d7320e1a-eacb-4858-bd84-ef191945c0d7,2025-08-06 22:22:38.509030,89.04
ed31d140-67cb-4965-bed0-f498c24ea057,d7320e1a-eacb-4858-bd84-ef191945c0d7,2025-08-11 22:22:38.509030,89.04
d34c9a82-507a-44e3-b3f2-d5d696ee886d,e1f5482e-57ff-4333-aa1d-e0df4a8f1901,2025-04-10 12:36:20.521551,61.74
eb36964a-57cd-46d5-9aa2-625c2ab2aed2,e1f5482e-57ff-4333-aa1d-e0df4a8f1901,2025-04-15 12:36:20.521551,61.74
54c7ae7d-d20b-4ba8-92cd-70cd12c675f4,e1f5482e-57ff-4333-aa1d-e0df4a8f1901,2025-04-20 12:36:20.521551,64.87
8716a02c-a66f-4a35-8c54-0a18c2283ed1,e1f5482e-57ff-4333-aa1d-e0df4a8f1901,2025-04-25 12:36:20.521551,60.3
f92c944d-713b-493d-9f3c-648985a98a67,e1f5482e-57ff-4333-aa1d-e0df4a8f1901,2025-04-30 12:36:20.521551,60.3
3026f4f0-1350-4ed3-9263-5b61bd68e138,e1f5482e-57ff-4333-aa1d-e0df4a8f1901,2025-05-05 12:36:20.521551,59.44
ec7113b6-700e-414b-9e0b-9f8f2bd65162,e1f5482e-57ff-4333-aa1d-e0df4a8f1901,2025-05-10 12:36:20.521551,61.32
deb44bdb-30c1-48d2-b466-4d9e70e9731f,e1f5482e-57ff-4333-aa1d-e0df4a8f1901,2025-05-15 12:36:20.521551,61.41
1d0a9f27-f4b8-46ed-9491-a077b3b9c8a4,e1f5482e-57ff-4333-aa1d-e0df4a8f1901,2025-05-20 12:36:20.521551,61.41
6b24b225-df77-4ccd-bc4b-0e4570c94082,e1f5482e-57ff-4333-aa1d-e0df4a8f1901,2025-05-25 12:36:20.521551,63.92
7c528d72-60d6-4143-b436-f362941122e5,e1f5482e-57ff-4333-aa1d-e0df4a8f1901,2025-05-30 12:36:20.521551,63.92
cd6e1631-69ce-4be3-b146-b802ac8238c7,e1f5482e-57ff-4333-aa1d-e0df4a8f1901,2025-06-04 12:36:20.521551,60.91
68bbfe51-61e8-4c95-855d-5d2102d99cab,e1f5482e-57ff-4333-aa1d-e0df4a8f1901,2025-06-09 12:36:20.521551,60.91
4f849758-a21a-4207-8884-5be2baf9e3c5,e1f5482e-57ff-4333-aa1d-e0df4a8f1901,2025-06-14 12:36:20.521551,59.34
04cfd7d7-c593-4b01-8eb6-40821d79a5f5,e1f5482e-57ff-4333-aa1d-e0df4a8f1901,2025-06-19 12:36:20.521551,59.34
dbd97d24-368d-4d07-b2fb-e093b1a86ae9,e1f5482e-57ff-4333-aa1d-e0df4a8f1901,2025-06-24 12:36:20.521551,59.02
86184a50-a3e0-4d27-9faf-cc8acb083611,e1f5482e-57ff-4333-aa1d-e0df4a8f1901,2025-06-29 12:36:20.521551,59.02
b48054d2-622a-47c7-8c66-835589dfbc0a,e1f5482e-57ff-4333-aa1d-e0df4a8f1901,2025-07-04 12:36:20.521551,59.02
6ed8588d-daab-4527-88e2-416762a7d42b,e1f5482e-57ff-4333-aa1d-e0df4a8f1901,2025-07-09 12:36:20.521551,59.02
b207f645-2196-4d6a-953a-51b9cccd77d7,e1f5482e-57ff-4333-aa1d-e0df4a8f1901,2025-07-14 12:36:20.521551,57.88
b6bd7df3-89b8-4273-873d-c9da4e9c24ad,e1f5482e-57ff-4333-aa1d-e0df4a8f1901,2025-07-19 12:36:20.521551,57.88
c60dfacf-3d8d-4281-adf3-664be182a9c7,e1f5482e-57ff-4333-aa1d-e0df4a8f1901,2025-07-24 12:36:20.521551,57.88
2c2468b5-3223-4b2e-b414-b837cd04a1a7,e1f5482e-57ff-4333-aa1d-e0df4a8f1901,2025-07-29 12:36:20.521551,56.47
c579ce04-62e2-4bb6-ac5b-c222406d9cd9,e1f5482e-57ff-4333-aa1d-e0df4a8f1901,2025-08-03 12:36:20.521551,56.47
52f01507-a060-475e-b238-5ffd8abae183,e25a4898-240e-46ba-9427-aa130e7ee44b,2025-04-18 22:24:55.949657,16.91
0def5353-118c-42a8-a2a6-0e3319a00996,e25a4898-240e-46ba-9427-aa130e7ee44b,2025-04-23 22:24:55.949657,15.66
8bd7a171-8202-4cfe-ac18-5a00c58a9c40,e25a4898-240e-46ba-9427-aa130e7ee44b,2025-04-28 22:24:55.949657,12.75
69a324c0-2d4e-4769-89cd-f71facfeeadf,e25a4898-240e-46ba-9427-aa130e7ee44b,2025-05-03 22:24:55.949657,16.14
448679c3-579a-4385-91bd-d2179d7a3e86,e25a4898-240e-46ba-9427-aa130e7ee44b,2025-05-08 22:24:55.949657,16.14
2892554c-e0a8-46d5-8837-44ed01fc8f6b,e25a4898-240e-46ba-9427-aa130e7ee44b,2025-05-13 22:24:55.949657,16.63
97c191bf-9288-4c60-907a-5f70120e0651,e25a4898-240e-46ba-9427-aa130e7ee44b,2025-05-18 22:24:55.949657,13.71
1b60913f-453a-4425-b663-8e58939d997e,e25a4898-240e-46ba-9427-aa130e7ee44b,2025-05-23 22:24:55.949657,15.51
41757ec4-b96c-47d8-ab21-7b14430a0ece,e25a4898-240e-46ba-9427-aa130e7ee44b,2025-05-28 22:24:55.949657,10.73
0c6712ad-7ac1-47a6-943f-b760f78b1de6,e25a4898-240e-46ba-9427-aa130e7ee44b,2025-06-02 22:24:55.949657,10.73
d507673e-d7bd-4c6e-a6ba-be193fbf2b25,e25a4898-240e-46ba-9427-aa130e7ee44b,2025-06-07 22:24:55.949657,10.73
fbbc08f9-c6b5-4958-8994-7e67fa9612d2,e25a4898-240e-46ba-9427-aa130e7ee44b,2025-06-12 22:24:55.949657,7.16
df512969-039e-497b-9a63-887b01278b74,e25a4898-240e-46ba-9427-aa130e7ee44b,2025-06-17 22:24:55.949657,3.81
d58c6fee-158b-4ac9-9c04-c12c43e05c38,e25a4898-240e-46ba-9427-aa130e7ee44b,2025-06-22 22:24:55.949657,3.81
e3217401-da93-4fde-b5e4-0e0950561b2a,e25a4898-240e-46ba-9427-aa130e7ee44b,2025-06-27 22:24:55.949657,7.74
2093ea37-775e-47dd-a79d-71dbee670304,e25a4898-240e-46ba-9427-aa130e7ee44b,2025-07-02 22:24:55.949657,7.74
da896fd6-e42a-4e31-b0aa-8233f1beda1a,e25a4898-240e-46ba-9427-aa130e7ee44b,2025-07-07 22:24:55.949657,7.74
47161a1a-a0bb-4452-ab4e-06de9e2c21e1,e25a4898-240e-46ba-9427-aa130e7ee44b,2025-07-12 22:24:55.949657,7.74
054f198a-9970-4c5b-8e82-ffe67abdca2c,e25a4898-240e-46ba-9427-aa130e7ee44b,2025-07-17 22:24:55.949657,4.29
61f7b079-5167-451d-9104-6f1513e80932,e25a4898-240e-46ba-9427-aa130e7ee44b,2025-07-22 22:24:55.949657,4.29
4a4f6db4-4356-4033-a899-617016482aba,e25a4898-240e-46ba-9427-aa130e7ee44b,2025-07-27 22:24:55.949657,2.43
c4dde1c9-a9d0-4631-a936-1150425ee0e2,e25a4898-240e-46ba-9427-aa130e7ee44b,2025-08-01 22:24:55.949657,2.43
3e3d909e-9998-423d-a94c-fecb8367031c,e25a4898-240e-46ba-9427-aa130e7ee44b,2025-08-06 22:24:55.949657,2.43
5133e9c8-f9dd-445c-8e63-e5096771bce2,e25a4898-240e-46ba-9427-aa130e7ee44b,2025-08-11 22:24:55.949657,2.43
b6182ad6-f546-440b-8e37-6b1e7cb2b49b,e79a6d75-9fed-4859-a342-cedc1fa5a132,2025-04-10 12:38:58.651720,35.11
763b46be-fbed-4de7-a235-d702858782ea,e79a6d75-9fed-4859-a342-cedc1fa5a132,2025-04-15 12:38:58.651720,35.11
a45defe6-efd6-4cc2-b66f-a394e90f6ce0,e79a6d75-9fed-4859-a342-cedc1fa5a132,2025-04-20 12:38:58.651720,35.11
5667df03-2f66-4a46-9f61-5281fc1d7480,e79a6d75-9fed-4859-a342-cedc1fa5a132,2025-04-25 12:38:58.651720,39.43
7ef9b6e2-b0e2-4acd-9d52-44ae999ac160,e79a6d75-9fed-4859-a342-cedc1fa5a132,2025-04-30 12:38:58.651720,36.72
218e1667-7882-4d00-9180-c6fb8e7495a2,e79a6d75-9fed-4859-a342-cedc1fa5a132,2025-05-05 12:38:58.651720,37.6
8be77ab1-041c-4580-90ea-7f32550a3b6c,e79a6d75-9fed-4859-a342-cedc1fa5a132,2025-05-10 12:38:58.651720,37.6
ae60f531-efa1-461e-b5a1-5cf1f2b66f90,e79a6d75-9fed-4859-a342-cedc1fa5a132,2025-05-15 12:38:58.651720,35.43
3b469440-cb6f-4c61-bcc6-5f857a96e732,e79a6d75-9fed-4859-a342-cedc1fa5a132,2025-05-20 12:38:58.651720,35.43
1f82bd6c-8fe5-4e7e-a320-a292fbab13f1,e79a6d75-9fed-4859-a342-cedc1fa5a132,2025-05-25 12:38:58.651720,30.45
34c69df4-d449-4500-b202-dbed52a6a9b8,e79a6d75-9fed-4859-a342-cedc1fa5a132,2025-05-30 12:38:58.651720,34.79
73fa1342-f3de-4f97-8abc-23b4bb36e203,e79a6d75-9fed-4859-a342-cedc1fa5a132,2025-06-04 12:38:58.651720,36.03
4afbf0a1-2e13-4029-bbd0-1924c6767ee2,e79a6d75-9fed-4859-a342-cedc1fa5a132,2025-06-09 12:38:58.651720,37.29
2813eab3-2621-4d2e-9859-cd613965c32e,e79a6d75-9fed-4859-a342-cedc1fa5a132,2025-06-14 12:38:58.651720,37.29
f820e986-1f09-4175-bea6-7baa5f94431b,e79a6d75-9fed-4859-a342-cedc1fa5a132,2025-06-19 12:38:58.651720,37.29
4065e029-7ce2-4d8c-be6e-abcfbab4fd5f,e79a6d75-9fed-4859-a342-cedc1fa5a132,2025-06-24 12:38:58.651720,37.29
85b222aa-8483-42b9-aedc-42ba11b33164,e79a6d75-9fed-4859-a342-cedc1fa5a132,2025-06-29 12:38:58.651720,37.29
9daaad27-5ea9-4456-86cc-208718ddb38f,e79a6d75-9fed-4859-a342-cedc1fa5a132,2025-07-04 12:38:58.651720,36.0
53bf457b-9f4e-4900-aaa1-36eccf367280,e79a6d75-9fed-4859-a342-cedc1fa5a132,2025-07-09 12:38:58.651720,34.73
bca71790-c760-4d17-a1c9-0db141bbd37d,e79a6d75-9fed-4859-a342-cedc1fa5a132,2025-07-14 12:38:58.651720,31.38
be34e573-9894-4ee0-9983-3ae1d66dde31,e79a6d75-9fed-4859-a342-cedc1fa5a132,2025-07-19 12:38:58.651720,32.29
3a782cc6-4ffa-4bd8-ab81-4a8b9d376c5e,e79a6d75-9fed-4859-a342-cedc1fa5a132,2025-07-24 12:38:58.651720,32.29
05850202-3be7-4a2f-bfda-f37cb2f9783d,e79a6d75-9fed-4859-a342-cedc1fa5a132,2025-07-29 12:38:58.651720,32.29
ad5d1564-4fe4-46af-9444-fe0a2de33710,e79a6d75-9fed-4859-a342-cedc1fa5a132,2025-08-03 12:38:58.651720,35.92
1010011a-2edc-406f-9977-8e304f951d9d,f596dfea-1a5b-4173-aa60-1fbad5af36da,2025-04-10 12:40:47.703854,71.76
467fba6d-a192-471e-b6ae-bc70187a990e,f596dfea-1a5b-4173-aa60-1fbad5af36da,2025-04-15 12:40:47.703854,70.6
bdd17634-0b92-43d9-9570-bde22723e4c3,f596dfea-1a5b-4173-aa60-1fbad5af36da,2025-04-20 12:40:47.703854,71.0
bf981a9c-2c33-42fe-98af-ff03d90aa69a,f596dfea-1a5b-4173-aa60-1fbad5af36da,2025-04-25 12:40:47.703854,73.31
156b7fb5-fe8f-4c33-8a9f-44dd9c9e7057,f596dfea-1a5b-4173-aa60-1fbad5af36da,2025-04-30 12:40:47.703854,73.31
48408abe-5109-42bf-a795-323dec67be30,f596dfea-1a5b-4173-aa60-1fbad5af36da,2025-05-05 12:40:47.703854,73.31
1807d85d-6557-42ec-b0a2-b32b931d9f12,f596dfea-1a5b-4173-aa60-1fbad5af36da,2025-05-10 12:40:47.703854,75.51
a48bf35f-9b2f-4dbc-92d4-4cceae057d8a,f596dfea-1a5b-4173-aa60-1fbad5af36da,2025-05-15 12:40:47.703854,75.51
a995debe-bee7-47f7-9f64-80a9946d7662,f596dfea-1a5b-4173-aa60-1fbad5af36da,2025-05-20 12:40:47.703854,71.63
6160aed2-3e8c-4847-b97e-4a94e9f89aab,f596dfea-1a5b-4173-aa60-1fbad5af36da,2025-05-25 12:40:47.703854,71.63
bd2bcc32-59bb-4611-be89-41fbae340191,f596dfea-1a5b-4173-aa60-1fbad5af36da,2025-05-30 12:40:47.703854,74.47
fc3c264c-fc79-464a-8fa1-ce25d8b1b2c9,f596dfea-1a5b-4173-aa60-1fbad5af36da,2025-06-04 12:40:47.703854,73.67
57b9dd25-95a3-4e29-96c4-6c15dcf36130,f596dfea-1a5b-4173-aa60-1fbad5af36da,2025-06-09 12:40:47.703854,73.67
254c2c47-1011-4d45-b337-514d764921a4,f596dfea-1a5b-4173-aa60-1fbad5af36da,2025-06-14 12:40:47.703854,68.95
10cbd55f-9dde-47f1-8011-a1c2b8ac8e1b,f596dfea-1a5b-4173-aa60-1fbad5af36da,2025-06-19 12:40:47.703854,65.01
2c4df48b-89a1-4665-9867-cb7be3598b32,f596dfea-1a5b-4173-aa60-1fbad5af36da,2025-06-24 12:40:47.703854,60.1
8c6a72c9-6276-4ff1-9550-6c3ef2475d90,f596dfea-1a5b-4173-aa60-1fbad5af36da,2025-06-29 12:40:47.703854,62.93
279c01ab-e9a7-49e0-9b4e-bc1e9868981a,f596dfea-1a5b-4173-aa60-1fbad5af36da,2025-07-04 12:40:47.703854,62.93
61feeb81-c0be-47dc-84a5-87c67806a7d3,f596dfea-1a5b-4173-aa60-1fbad5af36da,2025-07-09 12:40:47.703854,60.53
84eb8133-ebb9-4191-a42e-d8467ee3d168,f596dfea-1a5b-4173-aa60-1fbad5af36da,2025-07-14 12:40:47.703854,60.53
5e49ac8d-29e3-4e38-b3b8-5802c4060d43,f596dfea-1a5b-4173-aa60-1fbad5af36da,2025-07-19 12:40:47.703854,63.31
a435ff84-5115-4787-9b34-d8829c621c7d,f596dfea-1a5b-4173-aa60-1fbad5af36da,2025-07-24 12:40:47.703854,60.52
b26d520b-c780-42c4-92c5-feb387243ea8,f596dfea-1a5b-4173-aa60-1fbad5af36da,2025-07-29 12:40:47.703854,60.52
fec785bd-e97d-4398-9f9c-378f564d81b6,f596dfea-1a5b-4173-aa60-1fbad5af36da,2025-08-03 12:40:47.703854,60.62
8bd1f126-d1f2-4aa9-b271-87f28d465f06,feaf28a3-4c63-40e2-9b33-a5a00273f91b,2025-04-10 12:39:57.232037,70.26
e730626f-37ca-497d-bb8a-ab4f771df09f,feaf28a3-4c63-40e2-9b33-a5a00273f91b,2025-04-15 12:39:57.232037,66.59
40706085-55f8-4c91-8e79-69145956a902,feaf28a3-4c63-40e2-9b33-a5a00273f91b,2025-04-20 12:39:57.232037,63.91
205b5f0c-988c-4e50-881f-6e0b2acfd94c,feaf28a3-4c63-40e2-9b33-a5a00273f91b,2025-04-25 12:39:57.232037,63.91
935a275a-a5ff-4fbd-8c0b-40296f133cd5,feaf28a3-4c63-40e2-9b33-a5a00273f91b,2025-04-30 12:39:57.232037,59.13
d3342b38-7858-4442-a553-a2f6a050eb2b,feaf28a3-4c63-40e2-9b33-a5a00273f91b,2025-05-05 12:39:57.232037,60.95
b16dfe19-cbf5-480a-9a04-96b0ea2a2369,feaf28a3-4c63-40e2-9b33-a5a00273f91b,2025-05-10 12:39:57.232037,64.34
eb7bd8e8-0ef6-4478-ba82-5446d6f2c323,feaf28a3-4c63-40e2-9b33-a5a00273f91b,2025-05-15 12:39:57.232037,64.34
8738d5fb-56f6-4e95-9ffc-cf604da0facb,feaf28a3-4c63-40e2-9b33-a5a00273f91b,2025-05-20 12:39:57.232037,68.87
20885ce2-8819-4722-ac9d-5aa9f5890236,feaf28a3-4c63-40e2-9b33-a5a00273f91b,2025-05-25 12:39:57.232037,68.87
dc8fe9c2-4579-4744-aec9-64e77a592a79,feaf28a3-4c63-40e2-9b33-a5a00273f91b,2025-05-30 12:39:57.232037,68.87
c7bf0571-c150-452d-bb48-ba6b8f13d75a,feaf28a3-4c63-40e2-9b33-a5a00273f91b,2025-06-04 12:39:57.232037,72.68
97ebc43f-814f-4bfc-9f2f-f08c78e1ac2b,feaf28a3-4c63-40e2-9b33-a5a00273f91b,2025-06-09 12:39:57.232037,72.68
5cf61924-0c8e-4e1c-8712-5e32502f7fdc,feaf28a3-4c63-40e2-9b33-a5a00273f91b,2025-06-14 12:39:57.232037,68.65
1f472c42-9171-440c-a00f-78675eb14715,feaf28a3-4c63-40e2-9b33-a5a00273f91b,2025-06-19 12:39:57.232037,68.65
e64bb9c5-93d5-47fb-bac1-3cf5d18f5773,feaf28a3-4c63-40e2-9b33-a5a00273f91b,2025-06-24 12:39:57.232037,68.65
b661ceb5-3d9a-4c75-8d19-a531b8ca5716,feaf28a3-4c63-40e2-9b33-a5a00273f91b,2025-06-29 12:39:57.232037,72.81
fa8c7836-85d6-47de-8b82-4255fcbe1c8f,feaf28a3-4c63-40e2-9b33-a5a00273f91b,2025-07-04 12:39:57.232037,75.97
f729a5c5-0333-4ef1-83a8-7ff44e0ae3fa,feaf28a3-4c63-40e2-9b33-a5a00273f91b,2025-07-09 12:39:57.232037,79.25
4345e25d-cf73-4a9c-9d17-2a063711ee48,feaf28a3-4c63-40e2-9b33-a5a00273f91b,2025-07-14 12:39:57.232037,81.92
12759fa9-b862-4404-93dd-71d05aec73c2,feaf28a3-4c63-40e2-9b33-a5a00273f91b,2025-07-19 12:39:57.232037,84.75
8b78f5e4-765f-48b6-b765-d2b52f87cf15,feaf28a3-4c63-40e2-9b33-a5a00273f91b,2025-07-24 12:39:57.232037,88.79
573936e9-1ccb-4db7-8544-89e96817870f,feaf28a3-4c63-40e2-9b33-a5a00273f91b,2025-07-29 12:39:57.232037,88.79
9174692e-f0f6-4135-81a8-39809dd31cb3,feaf28a3-4c63-40e2-9b33-a5a00273f91b,2025-08-03 12:39:57.232037,88.79
